Season,DayNum,TeamID_A,Score_A,TeamID_B,Score_B,WLoc,NumOT,Seed_A,Rating_A,win_rate_A,gap_avg_A,Seed_B,Rating_B,win_rate_B,gap_avg_B,diff_seed,diff_rating,diff_win_rate,diff_gap_avg,diff_score,target
2010,138,3124,69,3201,55,N,0,4,64.35748595214233,0.71875,15.25,13,57.66879174816829,0.8181818181818182,12.87878787878788,-9,6.688694203974038,-0.09943181818181823,2.3712121212121193,14,1
2010,138,3173,67,3395,66,N,0,8,58.380778730272795,0.7741935483870968,12.935483870967742,9,58.613556797502966,0.7333333333333333,12,-1,-0.23277806723017136,0.04086021505376347,0.935483870967742,1,1
2010,138,3181,72,3214,37,H,0,2,68.92094651749076,0.84375,16.53125,15,49.05327150969987,0.6451612903225806,8.774193548387096,-13,19.867675007790893,0.19858870967741937,7.757056451612904,35,1
2010,138,3199,75,3256,61,H,0,3,65.18070614430063,0.8387096774193549,15.32258064516129,14,55.17622619854164,0.7419354838709677,9.935483870967742,-11,10.004479945758987,0.09677419354838712,5.387096774193548,14,1
2010,138,3207,62,3265,42,N,0,5,61.36269845597272,0.8,9.666666666666666,12,57.8610253970423,0.7878787878787878,10.272727272727272,-7,3.5016730589304217,0.0121212121212122,-0.6060606060606055,20,1
2010,138,3208,64,3408,59,N,0,5,60.82165915095063,0.7419354838709677,8.419354838709678,12,56.452209974409485,0.8125,9.6875,-7,4.369449176541146,-0.07056451612903225,-1.268145161290322,5,1
2010,138,3211,82,3314,76,H,0,7,61.580859572008414,0.8709677419354839,23.29032258064516,10,63.16170939065896,0.6333333333333333,9.833333333333334,-3,-1.5808498186505489,0.23763440860215057,13.456989247311826,6,1
2010,138,3234,70,3353,63,N,0,8,61.14357542648752,0.59375,3.34375,9,61.19207478283376,0.5625,0.78125,-1,-0.048499356346233924,0.03125,2.5625,7,1
2010,138,3246,83,3251,77,H,0,4,62.13318190846167,0.78125,15.78125,13,55.69659873470365,0.8387096774193549,17.161290322580644,-9,6.436583173758024,-0.05745967741935487,-1.3800403225806441,6,1
2010,138,3261,60,3216,39,N,0,7,62.59465780592905,0.6896551724137931,17.24137931034483,10,58.86843013513419,0.8709677419354839,12.870967741935484,-3,3.726227670794863,-0.18131256952169073,4.370411568409345,21,1
2010,138,3277,72,3132,62,N,0,5,62.73489417153124,0.7096774193548387,8.064516129032258,12,58.07784290024925,0.8181818181818182,13.606060606060606,-7,4.657051271281986,-0.10850439882697949,-5.5415444770283475,10,1
2010,138,3329,70,3151,63,N,0,4,62.326572599908665,0.696969696969697,5.7272727272727275,13,55.640368175309675,0.75,5.65625,-9,6.686204424598991,-0.05303030303030298,0.07102272727272751,7,1
2010,138,3385,65,3343,47,N,0,6,61.17742992348526,0.8,12.8,11,53.59176270536042,0.9285714285714286,19.607142857142858,-5,7.58566721812484,-0.12857142857142856,-6.807142857142857,18,1
2010,138,3390,79,3415,47,H,0,1,71.80230126940091,0.96875,23.15625,16,51.485159854488614,0.53125,0.34375,-15,20.3171414149123,0.4375,22.8125,32,1
2010,138,3397,75,3122,42,H,0,1,70.09795858562595,0.9375,17.40625,16,47.72619652791551,0.46875,-5.59375,-15,22.371762057710434,0.46875,23,33,1
2010,138,3401,84,3340,53,N,0,2,66.71816031280844,0.78125,15.1875,15,50.47773172998296,0.5333333333333333,1.4333333333333331,-13,16.240428582825473,0.24791666666666667,13.754166666666666,31,1
2010,139,3114,63,3210,53,N,0,11,58.27379761340453,0.8125,14.4375,6,61.2177308928409,0.71875,8.5625,5,-2.943933279436365,0.09375,5.875,10,1
2010,139,3163,95,3380,39,N,0,1,76.20002858599591,1,34.75757575757576,16,46.832562705129355,0.7333333333333333,5.566666666666666,-15,29.367465880866554,0.2666666666666667,29.19090909090909,56,1
2010,139,3235,79,3250,42,H,0,4,62.949399415067056,0.7586206896551724,12.482758620689657,13,54.6992054866581,0.90625,11.3125,-9,8.250193928408954,-0.14762931034482762,1.1702586206896566,37,1
2010,139,3280,68,3292,64,N,0,7,60.15355468568838,0.6129032258064516,10.225806451612904,10,61.7264640362474,0.8333333333333334,17.333333333333332,-3,-1.5729093505590228,-0.22043010752688175,-7.107526881720428,4,1
2010,139,3304,83,3320,44,N,0,1,65.59724564214748,0.9666666666666668,18.9,16,54.2756966683788,0.5161290322580645,1.7419354838709675,-15,11.321548973768685,0.4505376344086023,17.15806451612903,39,1
2010,139,3323,86,3156,58,H,0,2,65.33023580182756,0.84375,14.96875,15,52.16550168317089,0.5806451612903226,3.4193548387096775,-13,13.164734118656668,0.2631048387096774,11.549395161290322,28,1
2010,139,3326,93,3384,59,N,0,2,66.24498228035401,0.8823529411764706,16.352941176470587,15,47.9080732068815,0.5483870967741935,2.870967741935484,-13,18.336909073472512,0.33396584440227706,13.481973434535103,34,1
2010,139,3328,68,3355,57,H,0,3,66.1366434375652,0.696969696969697,5.03030303030303,14,56.72820915651574,0.6774193548387096,12,-11,9.408434281049459,0.019550342130987386,-6.96969696969697,11,1
2010,139,3361,74,3400,63,A,0,11,58.81555551971325,0.6774193548387096,7.67741935483871,6,62.76279009807752,0.6875,9.59375,5,-3.9472345783642666,-0.01008064516129037,-1.91633064516129,11,1
2010,139,3396,65,3241,53,N,0,8,59.5734503543126,0.75,7.09375,9,58.62804674159491,0.8125,10.3125,-1,0.9454036127176906,-0.0625,-3.21875,12,1
2010,139,3417,74,3301,54,N,0,8,61.99563073302769,0.75,10.75,9,60.1154350195165,0.6060606060606061,2.363636363636364,-1,1.880195713511192,0.14393939393939392,8.386363636363637,20,1
2010,139,3435,83,3177,76,N,1,6,63.187967967319395,0.6875,6.625,11,60.733662216792254,0.65625,3.84375,-5,2.4543057505271406,0.03125,2.78125,7,1
2010,139,3436,64,3458,55,N,0,10,56.82812916405737,0.8125,11.34375,7,60.09715147595813,0.6774193548387096,6.548387096774194,3,-3.2690223119007555,0.13508064516129037,4.795362903225806,9,1
2010,139,3452,58,3249,43,N,0,3,63.64956737961184,0.8484848484848485,11.484848484848484,14,51.2734466394291,0.7741935483870968,7.290322580645161,-11,12.376120740182735,0.07429130009775176,4.194525904203323,15,1
2010,139,3453,69,3438,67,N,0,12,58.72692118347148,0.8666666666666667,15.833333333333334,5,62.5864057407971,0.7,7.166666666666667,7,-3.859484557325615,0.16666666666666674,8.666666666666668,2,1
2010,139,3462,94,3190,82,H,0,3,64.05841264085925,0.9,15.433333333333334,14,52.97697388579353,0.7419354838709677,6.709677419354839,-11,11.081438755065719,0.15806451612903227,8.723655913978494,12,1
2010,140,3124,49,3207,33,N,0,4,64.35748595214233,0.71875,15.25,5,61.36269845597272,0.8,9.666666666666666,-1,2.9947874961696073,-0.08125000000000004,5.583333333333334,16,1
2010,140,3181,60,3261,52,H,0,2,68.92094651749076,0.84375,16.53125,7,62.59465780592905,0.6896551724137931,17.24137931034483,-5,6.326288711561709,0.15409482758620685,-0.7101293103448292,8,1
2010,140,3199,66,3385,65,H,1,3,65.18070614430063,0.8387096774193549,15.32258064516129,6,61.17742992348526,0.8,12.8,-3,4.003276220815366,0.038709677419354827,2.5225806451612893,1,1
2010,140,3208,74,3329,71,N,1,5,60.82165915095063,0.7419354838709677,8.419354838709678,4,62.326572599908665,0.696969696969697,5.7272727272727275,1,-1.5049134489580354,0.04496578690127073,2.6920821114369504,3,1
2010,140,3211,72,3401,71,N,0,7,61.580859572008414,0.8709677419354839,23.29032258064516,2,66.71816031280844,0.78125,15.1875,5,-5.137300740800022,0.08971774193548387,8.10282258064516,1,1
2010,140,3246,70,3277,52,H,0,4,62.13318190846167,0.78125,15.78125,5,62.73489417153124,0.7096774193548387,8.064516129032258,-1,-0.6017122630695653,0.07157258064516125,7.716733870967742,18,1
2010,140,3390,96,3234,67,H,0,1,71.80230126940091,0.96875,23.15625,8,61.14357542648752,0.59375,3.34375,-7,10.658725842913391,0.375,19.8125,29,1
2010,140,3397,92,3173,64,H,0,1,70.09795858562595,0.9375,17.40625,8,58.380778730272795,0.7741935483870968,12.935483870967742,-7,11.717179855353152,0.16330645161290325,4.470766129032258,28,1
2010,141,3163,90,3396,36,N,0,1,76.20002858599591,1,34.75757575757576,8,59.5734503543126,0.75,7.09375,-7,16.62657823168331,0.25,27.663825757575758,54,1
2010,141,3235,60,3453,56,H,0,4,62.949399415067056,0.7586206896551724,12.482758620689657,12,58.72692118347148,0.8666666666666667,15.833333333333334,-8,4.222478231595574,-0.10804597701149432,-3.3505747126436773,4,1
2010,141,3280,87,3326,67,N,0,7,60.15355468568838,0.6129032258064516,10.225806451612904,2,66.24498228035401,0.8823529411764706,16.352941176470587,5,-6.091427594665632,-0.26944971537001894,-6.127134724857683,20,1
2010,141,3304,83,3417,70,N,0,1,65.59724564214748,0.9666666666666668,18.9,8,61.99563073302769,0.75,10.75,-7,3.601614909119796,0.21666666666666679,8.149999999999999,13,1
2010,141,3323,84,3436,66,H,0,2,65.33023580182756,0.84375,14.96875,10,56.82812916405737,0.8125,11.34375,-8,8.502106637770183,0.03125,3.625,18,1
2010,141,3328,60,3114,44,H,0,3,66.1366434375652,0.696969696969697,5.03030303030303,11,58.27379761340453,0.8125,14.4375,-8,7.862845824160665,-0.11553030303030298,-9.407196969696969,16,1
2010,141,3361,64,3452,55,N,0,11,58.81555551971325,0.6774193548387096,7.67741935483871,3,63.64956737961184,0.8484848484848485,11.484848484848484,8,-4.834011859898588,-0.17106549364613888,-3.8074291300097745,9,1
2010,141,3462,63,3435,62,H,0,3,64.05841264085925,0.9,15.433333333333334,6,63.187967967319395,0.6875,6.625,-3,0.8704446735398506,0.21250000000000002,8.808333333333334,1,1
2010,145,3124,77,3397,62,A,0,4,64.35748595214233,0.71875,15.25,1,70.09795858562595,0.9375,17.40625,3,-5.74047263348362,-0.21875,-2.15625,15,1
2010,145,3181,66,3361,58,N,0,2,68.92094651749076,0.84375,16.53125,11,58.81555551971325,0.6774193548387096,7.67741935483871,-9,10.105390997777512,0.16633064516129037,8.85383064516129,8,1
2010,145,3390,73,3208,36,H,0,1,71.80230126940091,0.96875,23.15625,5,60.82165915095063,0.7419354838709677,8.419354838709678,-4,10.980642118450284,0.22681451612903225,14.736895161290322,37,1
2010,145,3462,74,3211,56,N,0,3,64.05841264085925,0.9,15.433333333333334,7,61.580859572008414,0.8709677419354839,23.29032258064516,-4,2.477553068850831,0.029032258064516148,-7.856989247311827,18,1
2010,146,3163,74,3235,36,N,0,1,76.20002858599591,1,34.75757575757576,4,62.949399415067056,0.7586206896551724,12.482758620689657,-3,13.250629170928853,0.24137931034482762,22.2748171368861,38,1
2010,146,3199,74,3280,71,N,0,3,65.18070614430063,0.8387096774193549,15.32258064516129,7,60.15355468568838,0.6129032258064516,10.225806451612904,-4,5.027151458612252,0.22580645161290325,5.096774193548386,3,1
2010,146,3246,76,3304,67,N,0,4,62.13318190846167,0.78125,15.78125,1,65.59724564214748,0.9666666666666668,18.9,3,-3.464063733685812,-0.18541666666666679,-3.1187499999999986,9,1
2010,146,3328,77,3323,72,N,1,3,66.1366434375652,0.696969696969697,5.03030303030303,2,65.33023580182756,0.84375,14.96875,1,0.8064076357376422,-0.14678030303030298,-9.938446969696969,5,1
2010,147,3124,51,3181,48,N,0,4,64.35748595214233,0.71875,15.25,2,68.92094651749076,0.84375,16.53125,2,-4.563460565348436,-0.125,-1.28125,3,1
2010,147,3390,55,3462,53,H,0,1,71.80230126940091,0.96875,23.15625,3,64.05841264085925,0.9,15.433333333333334,-2,7.743888628541669,0.06874999999999998,7.722916666666666,2,1
2010,148,3163,90,3199,50,N,0,1,76.20002858599591,1,34.75757575757576,3,65.18070614430063,0.8387096774193549,15.32258064516129,-2,11.01932244169528,0.16129032258064513,19.43499511241447,40,1
2010,148,3328,88,3246,68,N,0,3,66.1366434375652,0.696969696969697,5.03030303030303,4,62.13318190846167,0.78125,15.78125,-1,4.003461529103525,-0.08428030303030298,-10.750946969696969,20,1
2010,153,3163,70,3124,50,N,0,1,76.20002858599591,1,34.75757575757576,4,64.35748595214233,0.71875,15.25,-3,11.842542633853583,0.28125,19.507575757575758,20,1
2010,153,3390,73,3328,66,N,0,1,71.80230126940091,0.96875,23.15625,3,66.1366434375652,0.696969696969697,5.03030303030303,-2,5.665657831835716,0.271780303030303,18.12594696969697,7,1
2010,155,3163,53,3390,47,N,0,1,76.20002858599591,1,34.75757575757576,1,71.80230126940091,0.96875,23.15625,0,4.397727316594995,0.03125,11.601325757575758,6,1
2011,138,3177,56,3298,43,N,0,3,63.88695579365772,0.8181818181818182,14.606060606060606,14,48.69834985302866,0.6451612903225806,4.516129032258065,-11,15.18860594062906,0.1730205278592376,10.089931573802541,13,1
2011,138,3181,90,3404,45,H,0,2,69.8965952483578,0.90625,16.03125,15,49.27470317144899,0.6774193548387096,5.387096774193548,-13,20.621892076908807,0.22883064516129037,10.644153225806452,45,1
2011,138,3210,69,3132,58,N,0,5,62.533047979952705,0.696969696969697,9.757575757575758,12,59.03447102000963,0.875,15.15625,-7,3.4985769599430725,-0.17803030303030298,-5.398674242424242,11,1
2011,138,3211,92,3234,86,H,0,11,62.58643604656757,0.8709677419354839,23.580645161290324,6,62.07945969741595,0.7333333333333333,7.5,5,0.5069763491516213,0.1376344086021506,16.080645161290324,6,1
2011,138,3246,66,3214,62,N,1,4,64.15009219303312,0.75,9.46875,13,52.60617628137476,0.8064516129032258,12.548387096774194,-9,11.54391591165836,-0.056451612903225756,-3.079637096774194,4,1
2011,138,3265,74,3235,64,N,0,10,60.362496660794974,0.9375,18.34375,7,61.96182387978739,0.6875,10.875,3,-1.5993272189924141,0.25,7.46875,10,1
2011,138,3266,68,3400,65,N,0,8,60.35333364302022,0.7419354838709677,7.451612903225806,9,61.45149250597974,0.59375,8.125,-1,-1.0981588629595223,0.14818548387096775,-0.673387096774194,3,1
2011,138,3314,82,3201,68,N,0,5,63.7502423724577,0.7647058823529411,17.029411764705884,12,58.543438902375264,0.78125,11.15625,-7,5.206803470082434,-0.016544117647058876,5.873161764705884,14,1
2011,138,3323,67,3428,54,A,0,2,66.38274010511338,0.7878787878787878,22.515151515151516,15,55.55029589739407,0.5,0.4375,-13,10.832444207719313,0.28787878787878785,22.077651515151516,13,1
2011,138,3326,80,3416,69,H,0,4,65.30065430869635,0.7096774193548387,9,13,55.43175914648846,0.6774193548387096,6.516129032258065,-9,9.868895162207892,0.032258064516129115,2.483870967741935,11,1
2011,138,3336,75,3173,66,H,0,6,60.87507033312039,0.7272727272727273,9.666666666666666,11,59.09547731678666,0.65625,7.59375,-5,1.7795930163337275,0.07102272727272729,2.072916666666666,9,1
2011,138,3385,55,3403,50,N,0,9,60.72750401774368,0.6774193548387096,6.129032258064516,8,61.26183612308722,0.6875,8.9375,1,-0.5343321053435446,-0.01008064516129037,-2.808467741935484,5,1
2011,138,3390,86,3413,59,H,0,1,72.83954604342854,0.935483870967742,25.06451612903226,16,52.933360893626016,0.75,9.375,-15,19.906185149802525,0.185483870967742,15.68951612903226,27,1
2011,138,3396,63,3113,45,N,0,10,60.5678741612542,0.7419354838709677,12.258064516129032,7,60.15531231447614,0.6666666666666666,2.566666666666667,3,0.4125618467780612,0.07526881720430112,9.691397849462366,18,1
2011,138,3397,99,3391,34,H,0,1,71.07202212842546,0.9393939393939394,23.545454545454547,16,46.87974525331367,0.6129032258064516,1.5806451612903225,-15,24.192276875111787,0.3264907135874878,21.964809384164223,65,1
2011,138,3417,55,3285,47,N,0,3,65.26874899984973,0.8709677419354839,11.161290322580646,14,51.09145290455343,0.5483870967741935,0.5483870967741935,-11,14.177296095296306,0.32258064516129037,10.612903225806452,8,1
2011,139,3124,66,3341,30,H,0,1,70.36154087936761,0.9393939393939394,26.363636363636363,16,47.58997593891737,0.65625,3.625,-15,22.77156494045024,0.28314393939393945,22.738636363636363,36,1
2011,139,3163,75,3216,39,H,0,1,77.08933620223313,0.9696969696969696,27.727272727272727,16,53.198203061196914,0.53125,0.3125,-15,23.891133141036214,0.4384469696969696,27.414772727272727,36,1
2011,139,3199,76,3359,46,N,0,3,64.7615042724122,0.7666666666666667,9.166666666666666,14,54.54566203110578,0.7741935483870968,7.354838709677419,-11,10.215842241306419,-0.007526881720430034,1.811827956989247,30,1
2011,139,3207,65,3343,49,N,0,5,61.551165240087585,0.6774193548387096,6.225806451612903,12,55.97469298335992,0.8571428571428571,18.571428571428573,-7,5.576472256727662,-0.17972350230414746,-12.345622119815669,16,1
2011,139,3208,56,3292,41,N,0,6,60.82268406963571,0.6774193548387096,6.290322580645161,11,59.26087737022028,0.7666666666666667,9.3,-5,1.5618066994154347,-0.08924731182795709,-3.0096774193548397,15,1
2011,139,3257,81,3435,62,N,0,7,60.17409397781049,0.625,11.25,10,61.524199012302994,0.6451612903225806,8,-3,-1.3501050344925005,-0.020161290322580627,3.25,19,1
2011,139,3268,70,3384,48,H,0,4,63.328329009369426,0.7666666666666667,14.433333333333334,13,51.22128534428164,0.6666666666666666,2.4242424242424243,-9,12.107043665087787,0.10000000000000009,12.00909090909091,22,1
2011,139,3274,80,3205,62,N,0,3,62.8411077439324,0.8709677419354839,17.838709677419356,14,51.16063764564523,0.6666666666666666,4.7,-11,11.680470098287167,0.20430107526881724,13.138709677419357,18,1
2011,139,3277,69,3320,66,N,0,4,64.35388677058347,0.8387096774193549,13.03225806451613,13,59.02035958234985,0.84375,15.40625,-9,5.333527188233624,-0.005040322580645129,-2.37399193548387,3,1
2011,139,3328,86,3241,72,N,0,6,64.23688346075166,0.65625,9.375,11,59.29754403869165,0.7878787878787878,8.93939393939394,-5,4.939339422060009,-0.13162878787878785,0.43560606060606055,14,1
2011,139,3345,53,3243,45,N,0,9,59.907250226954424,0.6451612903225806,6.612903225806452,8,61.34697060768096,0.6774193548387096,5.032258064516129,1,-1.4397203807265342,-0.032258064516129004,1.580645161290323,8,1
2011,139,3353,76,3256,51,N,0,7,61.828738364028865,0.6,3.466666666666667,10,57.82507005197893,0.7741935483870968,9.64516129032258,-3,4.003668312049932,-0.17419354838709677,-6.178494623655913,25,1
2011,139,3401,87,3270,47,N,0,2,67.69062364189641,0.84375,20.375,15,49.031932883559406,0.7857142857142857,7.857142857142857,-13,18.658690758337002,0.0580357142857143,12.517857142857142,40,1
2011,139,3452,79,3222,73,A,0,9,61.162358093855,0.71875,13.5,8,58.02302797942764,0.8387096774193549,8.67741935483871,1,3.1393301144273593,-0.11995967741935487,4.82258064516129,6,1
2011,139,3453,59,3114,55,N,0,5,61.93685304450481,0.9696969696969696,22.75757575757576,12,57.95881795452191,0.7666666666666667,6.3,-7,3.978035089982896,0.2030303030303029,16.45757575757576,4,1
2011,139,3462,72,3355,56,H,0,2,67.00585020281481,0.9333333333333332,18.8,15,53.54803597140548,0.59375,7.03125,-13,13.45781423140933,0.33958333333333324,11.76875,16,1
2011,140,3177,75,3336,73,A,0,3,63.88695579365772,0.8181818181818182,14.606060606060606,6,60.87507033312039,0.7272727272727273,9.666666666666666,-3,3.0118854605373286,0.09090909090909094,4.9393939393939394,2,1
2011,140,3181,71,3265,66,H,0,2,69.8965952483578,0.90625,16.03125,10,60.362496660794974,0.9375,18.34375,-8,9.534098587562823,-0.03125,-2.3125,5,1
2011,140,3211,89,3417,75,H,0,11,62.58643604656757,0.8709677419354839,23.580645161290324,3,65.26874899984973,0.8709677419354839,11.161290322580646,8,-2.682312953282164,0,12.419354838709678,14,1
2011,140,3314,86,3246,74,N,0,5,63.7502423724577,0.7647058823529411,17.029411764705884,4,64.15009219303312,0.75,9.46875,1,-0.39984982057541885,0.014705882352941124,7.560661764705884,12,1
2011,140,3323,77,3396,64,N,0,2,66.38274010511338,0.7878787878787878,22.515151515151516,10,60.5678741612542,0.7419354838709677,12.258064516129032,-8,5.814865943859182,0.045943304007820096,10.257086999022484,13,1
2011,140,3326,67,3210,60,H,0,4,65.30065430869635,0.7096774193548387,9,5,62.533047979952705,0.696969696969697,9.757575757575758,-1,2.7676063287436463,0.012707722385141729,-0.7575757575757578,7,1
2011,140,3390,75,3385,49,H,0,1,72.83954604342854,0.935483870967742,25.06451612903226,9,60.72750401774368,0.6774193548387096,6.129032258064516,-8,12.112042025684865,0.25806451612903236,18.935483870967744,26,1
2011,140,3397,79,3266,70,H,0,1,71.07202212842546,0.9393939393939394,23.545454545454547,8,60.35333364302022,0.7419354838709677,7.451612903225806,-7,10.718688485405238,0.1974584555229717,16.09384164222874,9,1
2011,141,3124,82,3452,68,H,0,1,70.36154087936761,0.9393939393939394,26.363636363636363,9,61.162358093855,0.71875,13.5,-8,9.199182785512612,0.22064393939393945,12.863636363636363,14,1
2011,141,3163,64,3345,40,H,0,1,77.08933620223313,0.9696969696969696,27.727272727272727,9,59.907250226954424,0.6451612903225806,6.612903225806452,-8,17.182085975278703,0.324535679374389,21.114369501466275,24,1
2011,141,3207,79,3268,57,A,0,5,61.551165240087585,0.6774193548387096,6.225806451612903,4,63.328329009369426,0.7666666666666667,14.433333333333334,1,-1.7771637692818416,-0.08924731182795709,-8.20752688172043,22,1
2011,141,3208,61,3199,59,N,0,6,60.82268406963571,0.6774193548387096,6.290322580645161,3,64.7615042724122,0.7666666666666667,9.166666666666666,3,-3.9388202027764834,-0.08924731182795709,-2.876344086021505,2,1
2011,141,3257,85,3462,75,A,0,7,60.17409397781049,0.625,11.25,2,67.00585020281481,0.9333333333333332,18.8,5,-6.83175622500432,-0.30833333333333324,-7.550000000000001,10,1
2011,141,3328,88,3274,83,N,0,6,64.23688346075166,0.65625,9.375,3,62.8411077439324,0.8709677419354839,17.838709677419356,3,1.3957757168192586,-0.21471774193548387,-8.463709677419356,5,1
2011,141,3401,70,3353,48,N,0,2,67.69062364189641,0.84375,20.375,7,61.828738364028865,0.6,3.466666666666667,-5,5.861885277867543,0.24375000000000002,16.90833333333333,22,1
2011,141,3453,65,3277,56,N,0,5,61.93685304450481,0.9696969696969696,22.75757575757576,4,64.35388677058347,0.8387096774193549,13.03225806451613,1,-2.417033726078664,0.13098729227761474,9.725317693059631,9,1
2011,145,3211,76,3257,69,N,0,11,62.58643604656757,0.8709677419354839,23.580645161290324,7,60.17409397781049,0.625,11.25,4,2.412342068757077,0.24596774193548387,12.330645161290324,7,1
2011,145,3323,78,3328,53,N,0,2,66.38274010511338,0.7878787878787878,22.515151515151516,6,64.23688346075166,0.65625,9.375,-4,2.1458566443617286,0.13162878787878785,13.140151515151516,25,1
2011,145,3390,72,3314,65,N,0,1,72.83954604342854,0.935483870967742,25.06451612903226,5,63.7502423724577,0.7647058823529411,17.029411764705884,-4,9.089303670970843,0.17077798861480087,8.035104364326376,7,1
2011,145,3397,85,3326,75,N,0,1,71.07202212842546,0.9393939393939394,23.545454545454547,4,65.30065430869635,0.7096774193548387,9,-3,5.771367819729107,0.2297165200391007,14.545454545454547,10,1
2011,146,3124,86,3453,76,H,0,1,70.36154087936761,0.9393939393939394,26.363636363636363,5,61.93685304450481,0.9696969696969696,22.75757575757576,-4,8.424687834862802,-0.030303030303030165,3.606060606060602,10,1
2011,146,3163,68,3207,63,N,0,1,77.08933620223313,0.9696969696969696,27.727272727272727,5,61.551165240087585,0.6774193548387096,6.225806451612903,-4,15.538170962145543,0.29227761485826,21.501466275659823,5,1
2011,146,3181,70,3177,63,N,0,2,69.8965952483578,0.90625,16.03125,3,63.88695579365772,0.8181818181818182,14.606060606060606,-1,6.009639454700078,0.08806818181818177,1.4251893939393945,7,1
2011,146,3401,79,3208,38,H,0,2,67.69062364189641,0.84375,20.375,6,60.82268406963571,0.6774193548387096,6.290322580645161,-4,6.8679395722606955,0.16633064516129037,14.08467741935484,41,1
2011,147,3323,73,3397,59,N,0,2,66.38274010511338,0.7878787878787878,22.515151515151516,1,71.07202212842546,0.9393939393939394,23.545454545454547,1,-4.6892820233120744,-0.1515151515151516,-1.0303030303030312,14,1
2011,147,3390,83,3211,60,N,0,1,72.83954604342854,0.935483870967742,25.06451612903226,11,62.58643604656757,0.8709677419354839,23.580645161290324,-10,10.253109996860971,0.06451612903225812,1.483870967741936,23,1
2011,148,3163,75,3181,40,N,0,1,77.08933620223313,0.9696969696969696,27.727272727272727,2,69.8965952483578,0.90625,16.03125,-1,7.1927409538753295,0.06344696969696961,11.696022727272727,35,1
2011,148,3401,58,3124,46,A,0,2,67.69062364189641,0.84375,20.375,1,70.36154087936761,0.9393939393939394,26.363636363636363,1,-2.670917237471201,-0.09564393939393945,-5.988636363636363,12,1
2011,153,3323,72,3163,63,N,0,2,66.38274010511338,0.7878787878787878,22.515151515151516,1,77.08933620223313,0.9696969696969696,27.727272727272727,1,-10.706596097119743,-0.18181818181818177,-5.212121212121211,9,1
2011,153,3401,63,3390,62,N,0,2,67.69062364189641,0.84375,20.375,1,72.83954604342854,0.935483870967742,25.06451612903226,1,-5.148922401532133,-0.09173387096774199,-4.68951612903226,1,1
2011,155,3401,76,3323,70,N,0,2,67.69062364189641,0.84375,20.375,2,66.38274010511338,0.7878787878787878,22.515151515151516,0,1.3078835367830237,0.055871212121212155,-2.1401515151515156,6,1
2012,138,3116,72,3173,55,N,0,6,60.86959035922354,0.7419354838709677,9.903225806451612,11,61.27990271986527,0.7931034482758621,11,-5,-0.4103123606417327,-0.05116796440489435,-1.096774193548388,17,1
2012,138,3163,83,3341,47,H,0,1,74.72740327360448,0.8787878787878788,30.575757575757574,16,46.61067522956754,0.5161290322580645,-0.5483870967741935,-15,28.11672804403694,0.3626588465298143,31.124144672531767,36,1
2012,138,3177,59,3140,55,N,0,7,62.744355617835545,0.6875,7,10,60.22755565516804,0.8064516129032258,13.32258064516129,-3,2.5167999626675055,-0.11895161290322576,-6.32258064516129,4,1
2012,138,3211,86,3353,73,H,0,11,62.85697421704615,0.8387096774193549,13.64516129032258,6,62.81380910290804,0.7096774193548387,6.064516129032258,5,0.043165114138112415,0.12903225806451613,7.580645161290322,13,1
2012,138,3243,67,3343,64,N,0,8,61.656012740772056,0.59375,1.09375,9,57.797044439963685,0.8571428571428571,19.5,-1,3.858968300808371,-0.2633928571428571,-18.40625,3,1
2012,138,3246,68,3270,62,N,0,2,64.60153847363178,0.8,15.4,15,52.01544425518037,0.7666666666666667,9.233333333333333,-13,12.586094218451407,0.033333333333333326,6.166666666666668,6,1
2012,138,3257,67,3277,55,N,0,7,62.3389756168628,0.7096774193548387,8.096774193548388,10,61.33509514741709,0.6451612903225806,7.741935483870968,-3,1.0038804694457042,0.06451612903225812,0.35483870967741993,12,1
2012,138,3268,59,3298,44,H,0,2,66.3410385443657,0.875,18.5625,15,48.025046675071515,0.5806451612903226,3.4838709677419355,-13,18.315991869294187,0.2943548387096774,15.078629032258064,15,1
2012,138,3274,70,3226,41,N,0,3,64.88447517073509,0.8275862068965517,19.448275862068964,14,53.170281751375725,0.7586206896551724,3.655172413793104,-11,11.714193419359361,0.06896551724137934,15.793103448275861,29,1
2012,138,3345,83,3355,68,H,0,4,62.900568674308865,0.75,6.875,13,55.43196180562171,0.7419354838709677,9.516129032258064,-9,7.468606868687154,0.008064516129032251,-2.641129032258064,15,1
2012,138,3376,80,3185,48,N,0,5,62.01111076294583,0.71875,9.875,12,55.57516036537156,0.7333333333333333,10.066666666666666,-7,6.435950397574274,-0.014583333333333282,-0.19166666666666643,32,1
2012,138,3390,73,3214,51,N,0,1,73.52355117156077,0.96875,22.21875,16,55.20998764618452,0.8666666666666667,18.9,-15,18.313563525376246,0.1020833333333333,3.3187500000000014,22,1
2012,138,3397,72,3404,49,N,0,2,68.16278090787878,0.75,14.65625,15,51.612751698969745,0.7419354838709677,12.161290322580646,-13,16.550029208909038,0.008064516129032251,2.494959677419354,23,1
2012,138,3401,69,3107,47,H,0,3,67.00008713590333,0.6875,7.96875,14,51.570372024888414,0.71875,5.8125,-11,15.429715111014914,-0.03125,2.15625,22,1
2012,138,3452,68,3400,55,N,0,8,62.695582265948545,0.71875,12.625,9,61.66564414384495,0.5806451612903226,5.161290322580645,-1,1.0299381221035944,0.13810483870967738,7.463709677419355,13,1
2012,138,3453,71,3235,57,A,0,7,63.923992862127335,0.967741935483871,20.096774193548388,10,61.92591818099985,0.6,6.1,-3,1.998074681127484,0.367741935483871,13.996774193548388,14,1
2012,139,3124,81,3364,40,N,0,1,73.89627768723274,1,27.264705882352946,16,50.30468273359932,0.53125,1.96875,-15,23.591594953633418,0.46875,25.295955882352946,41,1
2012,139,3143,84,3234,74,N,0,8,61.3726175303491,0.7272727272727273,9.151515151515152,9,61.215294161881296,0.6333333333333333,6,-1,0.15732336846780726,0.09393939393939399,3.1515151515151523,10,1
2012,139,3174,73,3114,42,N,0,3,61.00111155739275,0.967741935483871,16.838709677419356,14,55.45349586318376,0.625,2.46875,-11,5.547615694208986,0.342741935483871,14.369959677419356,31,1
2012,139,3181,82,3359,47,N,0,2,68.76390707071998,0.8275862068965517,19.58620689655172,15,52.97956704618574,0.625,3.625,-13,15.784340024534238,0.2025862068965517,15.961206896551719,35,1
2012,139,3196,70,3326,65,N,0,9,59.87771708108909,0.6129032258064516,7.645161290322581,8,63.722068463381646,0.8064516129032258,12.483870967741936,1,-3.844351382292558,-0.19354838709677413,-4.838709677419355,5,1
2012,139,3207,61,3201,56,N,0,5,63.049987760293654,0.7333333333333333,8.3,12,59.019344537741034,0.8484848484848485,13.272727272727272,-7,4.030643222552619,-0.11515151515151523,-4.972727272727271,5,1
2012,139,3210,76,3357,50,N,0,4,63.7170763708352,0.75,11.71875,13,52.158304431515134,0.78125,7.90625,-9,11.558771939320067,-0.03125,3.8125,26,1
2012,139,3242,57,3304,49,N,0,11,60.313648020297464,0.6129032258064516,5.67741935483871,6,61.08872557030719,0.75,10.15625,5,-0.7750775500097262,-0.13709677419354838,-4.47883064516129,8,1
2012,139,3261,64,3361,56,N,0,5,62.48723037255737,0.6875,8.625,12,55.998835174706514,0.8064516129032258,11.451612903225806,-7,6.488395197850856,-0.11895161290322576,-2.826612903225806,8,1
2012,139,3265,76,3208,70,N,0,13,58.02101046384155,0.78125,9.78125,4,62.576579500093366,0.7333333333333333,11.033333333333331,9,-4.555569036251818,0.04791666666666672,-1.2520833333333314,6,1
2012,139,3323,74,3251,43,N,0,1,71.1774400532596,0.9090909090909092,27.515151515151516,16,52.91636642852327,0.7241379310344828,10.827586206896552,-15,18.261073624736333,0.1849529780564264,16.687565308254964,31,1
2012,139,3328,88,3276,67,N,0,6,63.780000357442226,0.625,4.8125,11,59.02267488721817,0.6451612903225806,5.32258064516129,-5,4.757325470224053,-0.020161290322580627,-0.51008064516129,21,1
2012,139,3336,85,3431,77,N,0,4,63.38905289375946,0.8,14.566666666666666,13,57.12342315633832,0.90625,14.03125,-9,6.265629737421143,-0.10624999999999996,0.5354166666666664,8,1
2012,139,3382,72,3195,65,N,1,5,61.02000970149478,0.90625,11.375,12,57.14423660079661,0.9333333333333332,20.2,-7,3.8757731006981686,-0.027083333333333237,-8.825,7,1
2012,139,3385,69,3166,67,N,0,3,64.2357399178115,0.7096774193548387,6.290322580645161,14,56.10110275398024,0.625,3.90625,-11,8.134637163831258,0.08467741935483875,2.384072580645161,2,1
2012,139,3435,60,3292,46,N,0,7,61.66444535444787,0.7096774193548387,11.03225806451613,10,60.03102550190534,0.8125,9.625,-3,1.6334198525425307,-0.10282258064516125,1.40725806451613,14,1
2012,140,3163,72,3243,26,N,0,1,74.72740327360448,0.8787878787878788,30.575757575757574,8,61.656012740772056,0.59375,1.09375,-7,13.071390532832424,0.2850378787878788,29.482007575757574,46,1
2012,140,3211,65,3274,54,N,0,11,62.85697421704615,0.8387096774193549,13.64516129032258,3,64.88447517073509,0.8275862068965517,19.448275862068964,8,-2.0275009536889357,0.011123470522803158,-5.803114571746384,11,1
2012,140,3246,65,3453,62,N,0,2,64.60153847363178,0.8,15.4,7,63.923992862127335,0.967741935483871,20.096774193548388,-5,0.677545611504442,-0.16774193548387095,-4.6967741935483875,3,1
2012,140,3268,72,3257,68,N,0,2,66.3410385443657,0.875,18.5625,7,62.3389756168628,0.7096774193548387,8.096774193548388,-5,4.002062927502905,0.16532258064516125,10.465725806451612,4,1
2012,140,3376,72,3345,61,N,0,5,62.01111076294583,0.71875,9.875,4,62.900568674308865,0.75,6.875,1,-0.8894579113630314,-0.03125,3,11,1
2012,140,3390,72,3452,55,N,0,1,73.52355117156077,0.96875,22.21875,8,62.695582265948545,0.71875,12.625,-7,10.827968905612224,0.25,9.59375,17,1
2012,140,3397,63,3177,48,N,0,2,68.16278090787878,0.75,14.65625,7,62.744355617835545,0.6875,7,-5,5.418425290043238,0.0625,7.65625,15,1
2012,140,3401,61,3116,59,N,0,3,67.00008713590333,0.6875,7.96875,6,60.86959035922354,0.7419354838709677,9.903225806451612,-3,6.1304967766797915,-0.05443548387096775,-1.934475806451612,2,1
2012,141,3124,76,3196,57,N,0,1,73.89627768723274,1,27.264705882352946,9,59.87771708108909,0.6129032258064516,7.645161290322581,-8,14.018560606143652,0.3870967741935484,19.619544592030365,19,1
2012,141,3181,96,3435,80,N,0,2,68.76390707071998,0.8275862068965517,19.58620689655172,7,61.66444535444787,0.7096774193548387,11.03225806451613,-5,7.09946171627211,0.11790878754171297,8.553948832035589,16,1
2012,141,3210,76,3207,64,N,0,4,63.7170763708352,0.75,11.71875,5,63.049987760293654,0.7333333333333333,8.3,-1,0.6670886105415477,0.01666666666666672,3.4187499999999993,12,1
2012,141,3242,70,3174,64,N,0,11,60.313648020297464,0.6129032258064516,5.67741935483871,3,61.00111155739275,0.967741935483871,16.838709677419356,8,-0.6874635370952831,-0.3548387096774194,-11.161290322580646,6,1
2012,141,3323,73,3143,62,N,0,1,71.1774400532596,0.9090909090909092,27.515151515151516,8,61.3726175303491,0.7272727272727273,9.151515151515152,-7,9.804822522910499,0.18181818181818188,18.363636363636363,11,1
2012,141,3336,90,3261,80,N,0,4,63.38905289375946,0.8,14.566666666666666,5,62.48723037255737,0.6875,8.625,-1,0.9018225212020923,0.11250000000000004,5.941666666666666,10,1
2012,141,3382,66,3265,63,N,0,5,61.02000970149478,0.90625,11.375,13,58.02101046384155,0.78125,9.78125,-8,2.99899923765323,0.125,1.59375,3,1
2012,141,3385,74,3328,70,N,0,3,64.2357399178115,0.7096774193548387,6.290322580645161,6,63.780000357442226,0.625,4.8125,-3,0.455739560369274,0.08467741935483875,1.477822580645161,4,1
2012,145,3124,83,3210,68,N,0,1,73.89627768723274,1,27.264705882352946,4,63.7170763708352,0.75,11.71875,-3,10.179201316397538,0.25,15.545955882352946,15,1
2012,145,3181,74,3385,47,N,0,2,68.76390707071998,0.8275862068965517,19.58620689655172,3,64.2357399178115,0.7096774193548387,6.290322580645161,-1,4.52816715290848,0.11790878754171297,13.295884315906559,27,1
2012,145,3390,76,3376,60,N,0,1,73.52355117156077,0.96875,22.21875,5,62.01111076294583,0.71875,9.875,-4,11.512440408614935,0.25,12.34375,16,1
2012,145,3397,84,3242,73,N,0,2,68.16278090787878,0.75,14.65625,11,60.313648020297464,0.6129032258064516,5.67741935483871,-9,7.8491328875813196,0.13709677419354838,8.97883064516129,11,1
2012,146,3163,77,3336,59,N,0,1,74.72740327360448,0.8787878787878788,30.575757575757574,4,63.38905289375946,0.8,14.566666666666666,-3,11.338350379845018,0.07878787878787874,16.009090909090908,18,1
2012,146,3246,79,3211,62,N,0,2,64.60153847363178,0.8,15.4,11,62.85697421704615,0.8387096774193549,13.64516129032258,-9,1.744564256585626,-0.038709677419354827,1.7548387096774203,17,1
2012,146,3268,81,3401,74,N,0,2,66.3410385443657,0.875,18.5625,3,67.00008713590333,0.6875,7.96875,-1,-0.6590485915376263,0.1875,10.59375,7,1
2012,146,3323,79,3382,35,N,0,1,71.1774400532596,0.9090909090909092,27.515151515151516,5,61.02000970149478,0.90625,11.375,-4,10.157430351764823,0.0028409090909091717,16.140151515151516,44,1
2012,147,3124,77,3397,58,N,0,1,73.89627768723274,1,27.264705882352946,2,68.16278090787878,0.75,14.65625,-1,5.733496779353956,0.25,12.608455882352946,19,1
2012,147,3390,81,3181,69,N,0,1,73.52355117156077,0.96875,22.21875,2,68.76390707071998,0.8275862068965517,19.58620689655172,-1,4.759644100840788,0.1411637931034483,2.632543103448281,12,1
2012,148,3163,80,3246,65,N,0,1,74.72740327360448,0.8787878787878788,30.575757575757574,2,64.60153847363178,0.8,15.4,-1,10.125864799972703,0.07878787878787874,15.175757575757574,15,1
2012,148,3323,80,3268,49,N,0,1,71.1774400532596,0.9090909090909092,27.515151515151516,2,66.3410385443657,0.875,18.5625,-1,4.8364015088939,0.03409090909090917,8.952651515151516,31,1
2012,153,3124,59,3390,47,N,0,1,73.89627768723274,1,27.264705882352946,1,73.52355117156077,0.96875,22.21875,0,0.372726515671971,0.03125,5.045955882352946,12,1
2012,153,3323,83,3163,75,N,1,1,71.1774400532596,0.9090909090909092,27.515151515151516,1,74.72740327360448,0.8787878787878788,30.575757575757574,0,-3.5499632203448783,0.030303030303030387,-3.0606060606060588,8,1
2012,155,3124,80,3323,61,N,0,1,73.89627768723274,1,27.264705882352946,1,71.1774400532596,0.9090909090909092,27.515151515151516,0,2.7188376339731377,0.09090909090909083,-0.25044563279857,19,1
2013,138,3143,90,3201,76,N,0,2,65.58756153793824,0.9032258064516128,14.741935483870968,15,57.3424512311147,0.7419354838709677,6.903225806451613,-13,8.245110306823541,0.16129032258064502,7.838709677419355,14,1
2013,138,3163,105,3225,37,H,0,1,73.76490063685208,0.8787878787878788,32.36363636363637,16,49.82836301965602,0.53125,0.03125,-15,23.93653761719606,0.3475378787878788,32.33238636363637,68,1
2013,138,3166,61,3393,56,N,0,10,57.87957047315955,0.7741935483870968,7.709677419354839,7,62.03522718113853,0.7741935483870968,15.193548387096774,3,-4.155656707978977,0,-7.483870967741935,5,1
2013,138,3208,70,3285,50,N,0,4,63.969422806653114,0.8064516129032258,13.258064516129032,13,53.42783399156068,0.7666666666666667,9.533333333333331,-9,10.541588815092432,0.03978494623655904,3.7247311827957006,20,1
2013,138,3235,72,3211,60,N,0,5,64.15378381864687,0.7419354838709677,10.129032258064516,12,63.23137041672461,0.84375,15.125,-7,0.9224134019222632,-0.10181451612903225,-4.995967741935484,12,1
2013,138,3242,67,3160,52,A,0,12,60.17817538665712,0.5666666666666667,1.8,5,61.13188590531077,0.8064516129032258,11.35483870967742,7,-0.9537105186536508,-0.2397849462365591,-9.55483870967742,15,1
2013,138,3268,72,3346,52,H,0,4,65.81167331334773,0.7741935483870968,19.35483870967742,13,55.66380443154645,0.9375,14.1875,-9,10.147868881801273,-0.16330645161290325,5.16733870967742,20,1
2013,138,3277,55,3265,47,N,0,5,62.385132203160715,0.75,10.6875,12,58.6433294943457,0.8125,12.1875,-7,3.7418027088150154,-0.0625,-1.5,8,1
2013,138,3304,73,3151,59,N,0,6,62.96687556487001,0.7419354838709677,8.225806451612904,11,57.22271186224312,0.90625,14.53125,-5,5.744163702626885,-0.16431451612903225,-6.305443548387096,14,1
2013,138,3328,78,3141,73,N,0,6,63.25992408531128,0.6875,6.5,11,55.94406702031142,0.65625,9.625,-5,7.315857064999861,0.03125,-3.125,5,1
2013,138,3376,74,3355,52,N,0,4,63.549386075029126,0.7741935483870968,11.225806451612904,13,56.744907728245565,0.78125,8.0625,-9,6.8044783467835614,-0.007056451612903247,3.163306451612904,22,1
2013,138,3378,71,3403,70,A,0,10,59.51602298042307,0.6774193548387096,9.935483870967742,7,61.61260535471448,0.6774193548387096,6.709677419354839,3,-2.0965823742914154,0,3.225806451612903,1,1
2013,138,3397,83,3331,62,H,0,2,67.768442292527,0.7741935483870968,14.064516129032258,15,51.87299542590949,0.5862068965517241,5.793103448275862,-13,15.895446866617512,0.18798665183537266,8.271412680756395,21,1
2013,138,3401,71,3455,45,H,0,3,66.7209670997125,0.7272727272727273,12.393939393939394,14,57.03879199099506,0.7272727272727273,6.7272727272727275,-11,9.682175108717438,0,5.666666666666667,26,1
2013,138,3417,66,3391,49,N,0,3,63.529974282922616,0.78125,7.4375,14,51.28634991770742,0.7419354838709677,10.225806451612904,-11,12.243624365215197,0.03931451612903225,-2.788306451612904,17,1
2013,138,3435,60,3386,54,N,0,8,62.0039555320278,0.6451612903225806,8.419354838709678,9,59.09058230174183,0.7419354838709677,9.806451612903226,-1,2.91337323028597,-0.09677419354838712,-1.387096774193548,6,1
2013,139,3124,82,3341,40,H,0,1,76.39505859204498,0.9696969696969696,27.09090909090909,16,46.27187485944546,0.5483870967741935,2.064516129032258,-15,30.123183732599514,0.4213098729227761,25.02639296187683,42,1
2013,139,3173,96,3385,90,A,2,7,62.776538071184014,0.9310344827586208,18.20689655172414,10,61.77990499434994,0.6,5.1,-3,0.9966330768340725,0.3310344827586208,13.10689655172414,6,1
2013,139,3174,66,3452,53,H,0,6,63.521922503385206,0.9090909090909092,15.636363636363637,11,61.53460995553416,0.5666666666666667,3.6,-5,1.9873125478510474,0.3424242424242425,12.036363636363637,13,1
2013,139,3181,67,3214,51,H,0,2,70.79443867355702,0.9375,22.53125,15,56.733691098838115,0.8484848484848485,17.333333333333332,-13,14.06074757471891,0.08901515151515149,5.197916666666668,16,1
2013,139,3199,60,3343,44,N,0,8,61.43822790852315,0.7096774193548387,11.161290322580646,9,57.69629557820706,0.7857142857142857,19.428571428571427,-1,3.7419323303160965,-0.07603686635944695,-8.267281105990781,16,1
2013,139,3234,69,3274,53,H,0,9,60.41586394957433,0.625,5.4375,8,62.46121299768543,0.6774193548387096,6.483870967741935,1,-2.045349048111099,-0.05241935483870963,-1.046370967741935,16,1
2013,139,3246,61,3298,41,N,0,2,67.34217117227324,0.84375,19.34375,15,49.92785029657967,0.65625,6.8125,-13,17.41432087569357,0.1875,12.53125,20,1
2013,139,3257,74,3292,49,H,0,5,63.50541526562622,0.75,14.96875,12,58.67237758685594,0.78125,10.90625,-7,4.833037678770282,-0.03125,4.0625,25,1
2013,139,3261,75,3453,71,H,0,6,62.608367794112,0.6451612903225806,5.741935483870968,11,63.86868647144776,0.9333333333333332,19.9,-5,-1.2603186773357606,-0.2881720430107526,-14.15806451612903,4,1
2013,139,3276,60,3437,52,N,0,8,59.91723457655546,0.6774193548387096,5.806451612903226,9,59.35685166791555,0.6774193548387096,7.290322580645161,-1,0.5603829086399088,0,-1.483870967741935,8,1
2013,139,3314,59,3107,54,N,0,3,65.24172480664132,0.8235294117647058,9.323529411764708,14,55.34286659159255,0.9,18.366666666666667,-11,9.898858215048762,-0.07647058823529418,-9.043137254901959,5,1
2013,139,3323,97,3404,64,N,0,1,74.86781231388245,0.96875,23.09375,16,51.370892704135734,0.5757575757575758,5.484848484848484,-15,23.49691960974672,0.3929924242424242,17.608901515151516,33,1
2013,139,3329,73,3177,56,N,0,7,61.748376271072395,0.6774193548387096,14.32258064516129,10,61.59192030526545,0.65625,1.78125,-3,0.15645596580694843,0.02116935483870963,12.54133064516129,17,1
2013,139,3336,85,3142,55,N,0,3,65.56114335933282,0.8333333333333334,14.7,14,53.280395362532815,0.6774193548387096,6.161290322580645,-11,12.280747996800002,0.15591397849462374,8.538709677419355,30,1
2013,139,3345,77,3251,43,N,0,4,63.16808361612235,0.75,6.25,13,54.39939972527781,0.8064516129032258,15.67741935483871,-9,8.768683890844542,-0.056451612903225756,-9.42741935483871,34,1
2013,139,3390,72,3409,56,H,0,1,73.6917693054419,0.9393939393939394,18.818181818181817,16,53.1030807804356,0.5,0.0625,-15,20.588688525006297,0.43939393939393945,18.755681818181817,16,1
2013,140,3143,82,3378,78,N,1,2,65.58756153793824,0.9032258064516128,14.741935483870968,10,59.51602298042307,0.6774193548387096,9.935483870967742,-8,6.071538557515176,0.22580645161290314,4.806451612903226,4,1
2013,140,3163,77,3435,44,H,0,1,73.76490063685208,0.8787878787878788,32.36363636363637,8,62.0039555320278,0.6451612903225806,8.419354838709678,-7,11.760945104824273,0.23362658846529816,23.944281524926687,33,1
2013,140,3208,65,3235,60,N,0,4,63.969422806653114,0.8064516129032258,13.258064516129032,5,64.15378381864687,0.7419354838709677,10.129032258064516,-1,-0.18436101199375798,0.06451612903225801,3.129032258064516,5,1
2013,140,3242,75,3376,69,N,0,12,60.17817538665712,0.5666666666666667,1.8,4,63.549386075029126,0.7741935483870968,11.225806451612904,8,-3.3712106883720097,-0.2075268817204301,-9.425806451612903,6,1
2013,140,3268,74,3277,49,H,0,4,65.81167331334773,0.7741935483870968,19.35483870967742,5,62.385132203160715,0.75,10.6875,-1,3.42654111018701,0.024193548387096753,8.66733870967742,25,1
2013,140,3304,74,3401,63,A,0,6,62.96687556487001,0.7419354838709677,8.225806451612904,3,66.7209670997125,0.7272727272727273,12.393939393939394,3,-3.7540915348424875,0.014662756598240456,-4.168132942326491,11,1
2013,140,3328,85,3417,72,N,0,6,63.25992408531128,0.6875,6.5,3,63.529974282922616,0.78125,7.4375,3,-0.270050197611333,-0.09375,-0.9375,13,1
2013,140,3397,68,3166,52,H,0,2,67.768442292527,0.7741935483870968,14.064516129032258,10,57.87957047315955,0.7741935483870968,7.709677419354839,-8,9.888871819367445,0,6.354838709677419,16,1
2013,141,3124,85,3199,47,H,0,1,76.39505859204498,0.9696969696969696,27.09090909090909,8,61.43822790852315,0.7096774193548387,11.161290322580646,-7,14.956830683521822,0.26001955034213087,15.929618768328444,38,1
2013,141,3174,78,3314,69,H,0,6,63.521922503385206,0.9090909090909092,15.636363636363637,3,65.24172480664132,0.8235294117647058,9.323529411764708,3,-1.7198023032561096,0.08556149732620333,6.312834224598928,9,1
2013,141,3181,68,3329,59,H,0,2,70.79443867355702,0.9375,22.53125,7,61.748376271072395,0.6774193548387096,14.32258064516129,-5,9.04606240248463,0.26008064516129037,8.20866935483871,9,1
2013,141,3246,84,3173,70,N,0,2,67.34217117227324,0.84375,19.34375,7,62.776538071184014,0.9310344827586208,18.20689655172414,-5,4.565633101089226,-0.08728448275862077,1.1368534482758612,14,1
2013,141,3257,76,3345,63,H,0,5,63.50541526562622,0.75,14.96875,4,63.16808361612235,0.75,6.25,1,0.3373316495038665,0,8.71875,13,1
2013,141,3261,71,3336,66,H,0,6,62.608367794112,0.6451612903225806,5.741935483870968,3,65.56114335933282,0.8333333333333334,14.7,3,-2.9527755652208185,-0.18817204301075274,-8.958064516129031,5,1
2013,141,3323,74,3234,57,A,0,1,74.86781231388245,0.96875,23.09375,9,60.41586394957433,0.625,5.4375,-8,14.451948364308123,0.34375,17.65625,17,1
2013,141,3390,73,3276,40,H,0,1,73.6917693054419,0.9393939393939394,18.818181818181817,8,59.91723457655546,0.6774193548387096,5.806451612903226,-7,13.774534728886437,0.2619745845552298,13.01173020527859,33,1
2013,145,3143,73,3261,63,N,0,2,65.58756153793824,0.9032258064516128,14.741935483870968,6,62.608367794112,0.6451612903225806,5.741935483870968,-4,2.9791937438262437,0.25806451612903214,9,10,1
2013,145,3163,76,3268,50,H,0,1,73.76490063685208,0.8787878787878788,32.36363636363637,4,65.81167331334773,0.7741935483870968,19.35483870967742,-3,7.9532273235043505,0.10459433040078203,13.008797653958947,26,1
2013,145,3208,61,3390,59,N,0,4,63.969422806653114,0.8064516129032258,13.258064516129032,1,73.6917693054419,0.9393939393939394,18.818181818181817,3,-9.72234649878878,-0.1329423264907137,-5.5601173020527845,2,1
2013,145,3246,69,3174,62,N,0,2,67.34217117227324,0.84375,19.34375,6,63.521922503385206,0.9090909090909092,15.636363636363637,-4,3.820248668888034,-0.06534090909090917,3.7073863636363633,7,1
2013,146,3181,53,3304,45,N,0,2,70.79443867355702,0.9375,22.53125,6,62.96687556487001,0.7419354838709677,8.225806451612904,-4,7.827563108687016,0.19556451612903225,14.305443548387096,8,1
2013,146,3257,82,3124,81,N,0,5,63.50541526562622,0.75,14.96875,1,76.39505859204498,0.9696969696969696,27.09090909090909,4,-12.889643326418756,-0.2196969696969696,-12.12215909090909,1,1
2013,146,3323,93,3242,63,N,0,1,74.86781231388245,0.96875,23.09375,12,60.17817538665712,0.5666666666666667,1.8,-11,14.689636927225337,0.40208333333333335,21.29375,30,1
2013,146,3397,74,3328,59,N,0,2,67.768442292527,0.7741935483870968,14.064516129032258,6,63.25992408531128,0.6875,6.5,-4,4.508518207215715,0.08669354838709675,7.564516129032258,15,1
2013,147,3143,65,3208,62,N,1,2,65.58756153793824,0.9032258064516128,14.741935483870968,4,63.969422806653114,0.8064516129032258,13.258064516129032,-2,1.6181387312851285,0.09677419354838701,1.483870967741936,3,1
2013,147,3163,83,3246,53,H,0,1,73.76490063685208,0.8787878787878788,32.36363636363637,2,67.34217117227324,0.84375,19.34375,-1,6.422729464578836,0.035037878787878785,13.019886363636367,30,1
2013,148,3257,86,3397,78,N,0,5,63.50541526562622,0.75,14.96875,2,67.768442292527,0.7741935483870968,14.064516129032258,3,-4.2630270269007795,-0.024193548387096753,0.904233870967742,8,1
2013,148,3323,87,3181,76,N,0,1,74.86781231388245,0.96875,23.09375,2,70.79443867355702,0.9375,22.53125,-1,4.073373640325428,0.03125,0.5625,11,1
2013,153,3163,83,3323,65,N,0,1,73.76490063685208,0.8787878787878788,32.36363636363637,1,74.86781231388245,0.96875,23.09375,0,-1.1029116770303773,-0.08996212121212122,9.269886363636367,18,1
2013,153,3257,64,3143,57,N,0,5,63.50541526562622,0.75,14.96875,2,65.58756153793824,0.9032258064516128,14.741935483870968,3,-2.0821462723120234,-0.15322580645161277,0.22681451612903203,7,1
2013,155,3163,93,3257,60,N,0,1,73.76490063685208,0.8787878787878788,32.36363636363637,5,63.50541526562622,0.75,14.96875,-4,10.259485371225857,0.12878787878787878,17.394886363636367,33,1
2014,138,3113,69,3435,61,N,0,9,58.80454963131433,0.7096774193548387,4.709677419354839,8,60.08582597571836,0.6,5.333333333333333,1,-1.2812763444040272,0.10967741935483877,-0.6236559139784941,8,1
2014,138,3124,87,3443,74,H,0,2,73.5049918177007,0.8787878787878788,22.21212121212121,15,52.4896638558498,0.75,9.4375,-13,21.0153279618509,0.12878787878787878,12.774621212121211,13,1
2014,138,3140,72,3301,57,N,0,12,59.25961657226759,0.8125,8.5,5,62.96817014276141,0.78125,9.59375,7,-3.7085535704938195,0.03125,-1.09375,15,1
2014,138,3143,64,3200,63,N,0,7,63.66184258606917,0.7,4.633333333333334,10,57.4138835503243,0.78125,10.9375,-3,6.24795903574487,-0.08125000000000004,-6.304166666666666,1,1
2014,138,3177,104,3328,100,N,0,7,63.08385632440824,0.8181818181818182,13.181818181818182,10,61.455950477747905,0.5625,8.96875,-3,1.6279058466603331,0.25568181818181823,4.213068181818182,4,1
2014,138,3181,87,3457,45,H,0,2,70.35733915033516,0.8181818181818182,16.333333333333332,15,50.85171750612985,0.75,9.6875,-13,19.505621644205313,0.06818181818181823,6.645833333333332,42,1
2014,138,3199,55,3235,44,A,0,10,60.826535807652725,0.6451612903225806,6.161290322580645,7,62.44353483049881,0.6666666666666666,8.966666666666667,3,-1.6169990228460875,-0.021505376344086002,-2.8053763440860218,11,1
2014,138,3246,106,3460,60,H,0,3,66.87267902540835,0.75,13,14,53.88719798394647,0.7575757575757576,7.575757575757576,-11,12.985481041461874,-0.007575757575757569,5.424242424242424,46,1
2014,138,3304,74,3201,55,N,0,4,65.41961870052333,0.8064516129032258,12.516129032258064,13,55.5871753327982,0.6666666666666666,5.066666666666666,-9,9.832443367725126,0.13978494623655913,7.449462365591398,19,1
2014,138,3323,93,3352,42,N,0,1,76.4330505863923,1,25.625,16,48.43778127047339,0.65625,5.65625,-15,27.99526931591891,0.34375,19.96875,51,1
2014,138,3329,61,3195,60,N,1,5,63.44723338622449,0.7419354838709677,11.161290322580646,12,57.429853527521374,0.7878787878787878,10.909090909090908,-7,6.017379858703116,-0.045943304007820096,0.2521994134897376,1,1
2014,138,3345,84,3103,55,H,0,4,63.96696973157385,0.7241379310344828,6.310344827586207,13,54.97968268897514,0.7096774193548387,9.064516129032258,-9,8.987287042598709,0.014460511679644017,-2.7541713014460507,29,1
2014,138,3385,71,3425,68,N,0,8,60.02548106877867,0.6875,4.8125,9,60.68860869772035,0.6470588235294118,2.735294117647059,-1,-0.6631276289416803,0.0404411764705882,2.077205882352941,3,1
2014,138,3390,81,3377,62,N,0,2,71.83872494848357,0.90625,17.5,15,51.32008565194538,0.5666666666666667,0.7666666666666667,-13,20.518639296538197,0.33958333333333335,16.733333333333334,19,1
2014,138,3393,59,3151,53,N,0,6,62.14169951017624,0.7096774193548387,9.612903225806452,11,58.36431099071996,0.90625,14.125,-5,3.777388519456281,-0.19657258064516125,-4.512096774193548,6,1
2014,138,3397,70,3322,46,H,0,1,69.1625543344809,0.84375,15.46875,16,49.040497261021656,0.6129032258064516,1.032258064516129,-15,20.122057073459246,0.23084677419354838,14.436491935483872,24,1
2014,139,3163,87,3341,44,H,0,1,76.84787802753175,1,35.705882352941174,16,44.98023159984019,0.4516129032258064,-4.451612903225806,-15,31.86764642769156,0.5483870967741936,40.15749525616698,43,1
2014,139,3196,83,3173,69,N,0,11,59.94584308048008,0.6129032258064516,4.967741935483871,6,60.97947802073794,0.7666666666666667,9.333333333333334,5,-1.033634940257862,-0.1537634408602151,-4.365591397849463,14,1
2014,139,3234,87,3265,65,H,0,6,63.396777381201176,0.7647058823529411,9.588235294117649,11,58.853135827092125,0.8181818181818182,13.242424242424242,-5,4.543641554109051,-0.05347593582887711,-3.6541889483065937,22,1
2014,139,3241,72,3211,63,N,0,11,60.10660241597676,0.8484848484848485,20.333333333333332,6,63.52301215244352,0.8787878787878788,19.424242424242426,5,-3.416409736466761,-0.030303030303030276,0.9090909090909065,9,1
2014,139,3257,88,3225,42,N,0,3,67.90631763722725,0.8823529411764706,18.970588235294116,14,52.748737696695734,0.7419354838709677,11.483870967741936,-11,15.157579940531512,0.1404174573055028,7.48671726755218,46,1
2014,139,3261,98,3210,78,H,0,7,61.029540335646615,0.6129032258064516,5.290322580645161,10,60.90717749794759,0.6451612903225806,8.838709677419354,-3,0.12236283769902201,-0.032258064516129004,-3.548387096774193,20,1
2014,139,3268,90,3119,52,H,0,4,65.89537840293148,0.8,21.333333333333332,13,52.4132212827984,0.7741935483870968,7.838709677419355,-9,13.482157120133081,0.02580645161290329,13.494623655913976,38,1
2014,139,3277,91,3214,61,N,0,5,63.16336039750625,0.7096774193548387,9.483870967741936,12,57.73093206242584,0.875,15.0625,-7,5.4324283350804095,-0.16532258064516125,-5.578629032258064,30,1
2014,139,3314,60,3404,58,H,0,4,65.20692476147362,0.7272727272727273,14.666666666666666,13,53.409315386151214,0.7741935483870968,12.709677419354838,-9,11.797609375322402,-0.04692082111436946,1.956989247311828,2,1
2014,139,3333,55,3292,36,N,0,9,59.354098811088335,0.6875,8.65625,8,61.51490095966043,0.8787878787878788,12.424242424242424,1,-2.1608021485720954,-0.19128787878787878,-3.767992424242424,19,1
2014,139,3336,62,3455,56,H,0,3,64.50902255038979,0.7586206896551724,8.89655172413793,14,56.81085229262444,0.8125,14.375,-11,7.698170257765348,-0.053879310344827624,-5.478448275862069,6,1
2014,139,3376,73,3169,58,N,0,1,66.25460994457394,0.8709677419354839,18.096774193548388,16,51.75244989513346,0.5625,1.90625,-15,14.502160049440484,0.3084677419354839,16.190524193548388,15,1
2014,139,3386,67,3208,57,N,0,9,57.40184861717045,0.7096774193548387,8.419354838709678,8,62.29989165786242,0.6451612903225806,7.903225806451613,1,-4.898043040691967,0.06451612903225812,0.516129032258065,10,1
2014,139,3400,79,3335,61,N,0,5,62.14128617703404,0.65625,9.875,12,52.95464602375303,0.7857142857142857,9.285714285714286,-7,9.186640153281012,-0.1294642857142857,0.5892857142857135,18,1
2014,139,3401,70,3315,55,H,0,3,65.36248429778479,0.75,11.25,14,51.64046119992715,0.6896551724137931,4.931034482758621,-11,13.722023097857637,0.06034482758620685,6.318965517241379,15,1
2014,139,3452,76,3107,61,N,0,2,66.70029840081214,0.8787878787878788,15.484848484848484,15,55.973526646531745,0.875,17.15625,-13,10.7267717542804,0.0037878787878787845,-1.6714015151515156,15,1
2014,140,3124,75,3143,56,N,0,2,73.5049918177007,0.8787878787878788,22.21212121212121,7,63.66184258606917,0.7,4.633333333333334,-5,9.843149231631529,0.17878787878787883,17.578787878787878,19,1
2014,140,3140,80,3304,76,N,0,12,59.25961657226759,0.8125,8.5,4,65.41961870052333,0.8064516129032258,12.516129032258064,8,-6.160002128255741,0.006048387096774244,-4.016129032258064,4,1
2014,140,3177,74,3181,65,N,0,7,63.08385632440824,0.8181818181818182,13.181818181818182,2,70.35733915033516,0.8181818181818182,16.333333333333332,5,-7.273482825926926,0,-3.1515151515151505,9,1
2014,140,3246,64,3393,59,N,0,3,66.87267902540835,0.75,13,6,62.14169951017624,0.7096774193548387,9.612903225806452,-3,4.730979515232107,0.040322580645161255,3.387096774193548,5,1
2014,140,3323,84,3113,67,N,0,1,76.4330505863923,1,25.625,9,58.80454963131433,0.7096774193548387,4.709677419354839,-8,17.628500955077968,0.29032258064516125,20.91532258064516,17,1
2014,140,3329,73,3345,66,N,0,5,63.44723338622449,0.7419354838709677,11.161290322580646,4,63.96696973157385,0.7241379310344828,6.310344827586207,1,-0.519736345349358,0.017797552836484987,4.850945494994439,7,1
2014,140,3390,63,3199,44,N,0,2,71.83872494848357,0.90625,17.5,10,60.826535807652725,0.6451612903225806,6.161290322580645,-8,11.012189140830849,0.2610887096774194,11.338709677419356,19,1
2014,140,3397,67,3385,51,N,0,1,69.1625543344809,0.84375,15.46875,8,60.02548106877867,0.6875,4.8125,-7,9.137073265702234,0.15625,10.65625,16,1
2014,141,3163,91,3386,52,N,0,1,76.84787802753175,1,35.705882352941174,9,57.40184861717045,0.7096774193548387,8.419354838709678,-8,19.446029410361298,0.29032258064516125,27.286527514231494,39,1
2014,141,3257,83,3234,53,N,0,3,67.90631763722725,0.8823529411764706,18.970588235294116,6,63.396777381201176,0.7647058823529411,9.588235294117649,-3,4.509540256026071,0.11764705882352944,9.382352941176467,30,1
2014,141,3261,76,3452,67,N,0,7,61.029540335646615,0.6129032258064516,5.290322580645161,2,66.70029840081214,0.8787878787878788,15.484848484848484,5,-5.670758065165529,-0.26588465298142716,-10.194525904203324,9,1
2014,141,3268,69,3400,64,N,0,4,65.89537840293148,0.8,21.333333333333332,5,62.14128617703404,0.65625,9.875,-1,3.7540922258974447,0.14375000000000004,11.458333333333332,5,1
2014,141,3314,62,3277,53,N,0,4,65.20692476147362,0.7272727272727273,14.666666666666666,5,63.16336039750625,0.7096774193548387,9.483870967741936,-1,2.043564363967363,0.017595307917888547,5.18279569892473,9,1
2014,141,3336,83,3196,61,N,0,3,64.50902255038979,0.7586206896551724,8.89655172413793,11,59.94584308048008,0.6129032258064516,4.967741935483871,-8,4.563179469909706,0.14571746384872075,3.9288097886540596,22,1
2014,141,3376,78,3333,69,N,0,1,66.25460994457394,0.8709677419354839,18.096774193548388,9,59.354098811088335,0.6875,8.65625,-8,6.900511133485608,0.18346774193548387,9.440524193548388,9,1
2014,141,3401,85,3241,69,N,0,3,65.36248429778479,0.75,11.25,11,60.10660241597676,0.8484848484848485,20.333333333333332,-8,5.25588188180803,-0.09848484848484851,-9.083333333333332,16,1
2014,145,3124,90,3246,72,N,0,2,73.5049918177007,0.8787878787878788,22.21212121212121,3,66.87267902540835,0.75,13,-1,6.632312792292353,0.12878787878787878,9.212121212121211,18,1
2014,145,3163,70,3140,51,N,0,1,76.84787802753175,1,35.705882352941174,12,59.25961657226759,0.8125,8.5,-11,17.58826145526416,0.1875,27.205882352941174,19,1
2014,145,3323,89,3329,72,N,0,1,76.4330505863923,1,25.625,5,63.44723338622449,0.7419354838709677,11.161290322580646,-4,12.985817200167808,0.25806451612903225,14.463709677419354,17,1
2014,145,3401,84,3177,65,N,0,3,65.36248429778479,0.75,11.25,7,63.08385632440824,0.8181818181818182,13.181818181818182,-4,2.278627973376551,-0.06818181818181823,-1.9318181818181817,19,1
2014,146,3257,73,3261,47,N,0,3,67.90631763722725,0.8823529411764706,18.970588235294116,7,61.029540335646615,0.6129032258064516,5.290322580645161,-4,6.876777301580631,0.26944971537001894,13.680265654648956,26,1
2014,146,3268,73,3397,62,N,0,4,65.89537840293148,0.8,21.333333333333332,1,69.1625543344809,0.84375,15.46875,3,-3.267175931549417,-0.043749999999999956,5.864583333333332,11,1
2014,146,3314,65,3376,58,N,0,4,65.20692476147362,0.7272727272727273,14.666666666666666,1,66.25460994457394,0.8709677419354839,18.096774193548388,3,-1.0476851831003273,-0.14369501466275658,-3.430107526881722,7,1
2014,146,3390,82,3336,57,N,0,2,71.83872494848357,0.90625,17.5,3,64.50902255038979,0.7586206896551724,8.89655172413793,-1,7.3297023980937865,0.14762931034482762,8.60344827586207,25,1
2014,147,3163,69,3401,54,N,0,1,76.84787802753175,1,35.705882352941174,3,65.36248429778479,0.75,11.25,-2,11.48539372974696,0.25,24.455882352941174,15,1
2014,147,3323,88,3124,69,H,0,1,76.4330505863923,1,25.625,2,73.5049918177007,0.8787878787878788,22.21212121212121,-1,2.9280587686915993,0.12121212121212122,3.412878787878789,19,1
2014,148,3268,76,3257,73,A,0,4,65.89537840293148,0.8,21.333333333333332,3,67.90631763722725,0.8823529411764706,18.970588235294116,1,-2.010939234295762,-0.08235294117647052,2.362745098039216,3,1
2014,148,3390,74,3314,65,H,0,2,71.83872494848357,0.90625,17.5,4,65.20692476147362,0.7272727272727273,14.666666666666666,-2,6.631800187009958,0.1789772727272727,2.833333333333334,9,1
2014,153,3163,75,3390,56,N,0,1,76.84787802753175,1,35.705882352941174,2,71.83872494848357,0.90625,17.5,-1,5.0091530790481755,0.09375,18.205882352941174,19,1
2014,153,3323,87,3268,61,N,0,1,76.4330505863923,1,25.625,4,65.89537840293148,0.8,21.333333333333332,-3,10.537672183460813,0.19999999999999996,4.291666666666668,26,1
2014,155,3163,79,3323,58,N,0,1,76.84787802753175,1,35.705882352941174,1,76.4330505863923,1,25.625,0,0.414827441139451,0,10.080882352941174,21,1
2015,137,3116,57,3321,55,N,0,10,59.13673932256465,0.5666666666666667,4.9,7,62.07898323551573,0.7419354838709677,9.419354838709678,3,-2.942243912951078,-0.1752688172043011,-4.519354838709678,2,1
2015,137,3124,77,3322,36,N,0,2,72.16664315705626,0.9090909090909092,20.666666666666668,15,47.76562856731017,0.5172413793103449,-3.2758620689655173,-13,24.401014589746083,0.3918495297805643,23.942528735632184,41,1
2015,137,3143,78,3455,66,N,0,4,63.59783678160588,0.71875,7.34375,13,59.35528480139601,0.8787878787878788,13.424242424242424,-9,4.242551980209868,-0.16003787878787878,-6.080492424242424,12,1
2015,137,3173,78,3235,66,N,0,7,61.47788575232333,0.8064516129032258,11.935483870967742,10,60.45586740688526,0.6,6.333333333333333,-3,1.0220183454380702,0.20645161290322578,5.602150537634409,12,1
2015,137,3177,79,3278,72,N,0,9,63.778914380678394,0.7878787878787878,16.90909090909091,8,61.30767173424421,0.71875,4.59375,1,2.4712426464341846,0.06912878787878785,12.31534090909091,7,1
2015,137,3181,54,3107,52,N,0,4,66.61674644623771,0.6774193548387096,11.64516129032258,13,54.11491948056779,0.75,14.15625,-9,12.50182696566992,-0.07258064516129037,-2.51108870967742,2,1
2015,137,3211,82,3203,69,N,0,11,60.666724080626025,0.7741935483870968,10.258064516129032,6,60.98554288731582,0.9032258064516128,14.387096774193548,5,-0.3188188066897979,-0.12903225806451601,-4.129032258064516,13,1
2015,137,3234,75,3110,67,N,0,3,64.6860106080212,0.7741935483870968,7.193548387096774,14,54.27712401700623,0.75,6.125,-11,10.408886591014976,0.024193548387096753,1.068548387096774,8,1
2015,137,3246,97,3398,52,N,0,2,66.01915802987553,0.71875,5.8125,15,48.3536762509087,0.6,0.13333333333333333,-13,17.66548177896683,0.11875000000000002,5.679166666666666,45,1
2015,137,3274,86,3449,80,N,0,11,59.23062032945147,0.6129032258064516,7.354838709677419,6,60.669405409102495,0.71875,9.25,5,-1.4387850796510264,-0.10584677419354838,-1.895161290322581,6,1
2015,137,3280,57,3408,47,N,0,5,61.22908434093929,0.8125,16.5,12,56.40288459418129,0.6875,6.1875,-7,4.826199746758,0.125,10.3125,10,1
2015,137,3323,77,3285,43,N,0,1,76.25715702517803,0.9393939393939394,21.696969696969695,16,54.064599107020655,0.7333333333333333,7.7,-15,22.192557918157377,0.20606060606060617,13.996969696969696,34,1
2015,137,3333,74,3355,62,N,0,3,63.623098954114234,0.8620689655172413,15.310344827586206,14,56.708972210775,0.75,10.65625,-11,6.9141267433392315,0.11206896551724133,4.654094827586206,12,1
2015,137,3376,81,3366,48,N,0,1,69.79120122182282,0.9375,22.96875,16,48.42207054529091,0.6551724137931034,1.137931034482759,-15,21.36913067653191,0.2823275862068966,21.830818965517242,33,1
2015,137,3393,72,3304,69,N,0,8,62.20274077902808,0.7,9.066666666666666,9,62.78840561619947,0.6774193548387096,6.516129032258065,-1,-0.585664837171386,0.022580645161290325,2.5505376344086015,3,1
2015,137,3400,66,3443,64,N,0,5,63.51395600955537,0.6875,9.6875,12,58.44593339589236,0.8823529411764706,14.235294117647058,-7,5.068022613663011,-0.19485294117647056,-4.547794117647058,2,1
2015,138,3113,74,3325,55,N,0,3,63.872110910011976,0.84375,12.3125,14,54.19407956560431,0.8709677419354839,14.32258064516129,-11,9.678031344407664,-0.027217741935483875,-2.01008064516129,19,1
2015,138,3114,69,3401,60,N,0,11,55.27287579523957,0.875,14.25,6,63.32745179176427,0.71875,9.59375,5,-8.054575996524697,0.15625,4.65625,9,1
2015,138,3163,89,3383,33,N,0,1,77.89079058889128,0.9696969696969696,42.06060606060606,16,45.908399637248785,0.4545454545454546,0.18181818181818185,-15,31.982390951642493,0.515151515151515,41.87878787878788,56,1
2015,138,3195,75,3329,67,N,0,7,60.25623606600562,0.935483870967742,18.806451612903224,10,62.76865053351867,0.6451612903225806,8.290322580645162,-3,-2.5124144675130466,0.29032258064516137,10.516129032258062,8,1
2015,138,3199,91,3106,49,N,0,2,65.8539221887866,0.8787878787878788,18.78787878787879,15,43.18075647756141,0.5,-0.7142857142857143,-13,22.673165711225188,0.3787878787878788,19.502164502164504,42,1
2015,138,3257,86,3140,53,N,0,3,66.77790713809563,0.8064516129032258,15.290322580645162,14,58.87860406463162,0.7096774193548387,3.870967741935484,-11,7.8993030734640115,0.09677419354838701,11.419354838709678,33,1
2015,138,3268,75,3308,57,N,0,1,70.05393587928042,0.9375,19.3125,16,49.88288928158722,0.7407407407407407,6.222222222222222,-15,20.1710465976932,0.1967592592592593,13.090277777777779,18,1
2015,138,3314,71,3251,65,N,0,4,65.08399459349062,0.75,10.8125,13,54.178358236147496,0.8125,9.84375,-9,10.90563635734312,-0.0625,0.96875,6,1
2015,138,3326,90,3241,80,N,0,5,63.21181214247664,0.696969696969697,9.575757575757576,12,61.32349931608504,0.90625,16.59375,-7,1.8883128263915978,-0.20928030303030298,-7.017992424242424,10,1
2015,138,3328,111,3346,84,N,0,5,62.855400532782056,0.6451612903225806,6.064516129032258,12,58.57946880706912,0.9117647058823528,15.205882352941176,-7,4.275931725712937,-0.2666034155597722,-9.141366223908918,27,1
2015,138,3338,51,3151,40,N,0,10,56.69966271817152,0.6333333333333333,6.6,7,60.74267602686832,0.90625,12.90625,3,-4.0430133086968,-0.2729166666666667,-6.30625,11,1
2015,138,3343,80,3453,70,N,0,8,60.78319954555591,1,24.9,9,60.59048283873822,0.8709677419354839,13.903225806451612,-1,0.19271670681769137,0.12903225806451613,10.996774193548386,10,1
2015,138,3353,79,3371,66,N,0,8,62.13540637755211,0.7096774193548387,8.741935483870968,9,60.65863050959993,0.8484848484848485,11.303030303030305,-1,1.4767758679521776,-0.13880742913000976,-2.5610948191593366,13,1
2015,138,3378,73,3261,64,N,0,6,62.278619010410914,0.7878787878787878,12.333333333333334,11,61.18821583998561,0.5666666666666667,3.1666666666666665,-5,1.0904031704253043,0.2212121212121212,9.166666666666668,9,1
2015,138,3390,73,3169,60,N,0,4,67.43281688225579,0.7272727272727273,9.484848484848484,13,54.17304458544508,0.71875,8.875,-9,13.25977229681071,0.008522727272727293,0.6098484848484844,13,1
2015,138,3397,72,3129,61,N,0,2,69.43952118792464,0.84375,16.40625,15,52.01069670887559,0.6666666666666666,7.9,-13,17.428824479049048,0.17708333333333337,8.50625,11,1
2015,139,3124,73,3116,44,N,0,2,72.16664315705626,0.9090909090909092,20.666666666666668,10,59.13673932256465,0.5666666666666667,4.9,-8,13.029903834491606,0.3424242424242425,15.766666666666667,29,1
2015,139,3173,99,3246,94,N,0,7,61.47788575232333,0.8064516129032258,11.935483870967742,2,66.01915802987553,0.71875,5.8125,5,-4.541272277552196,0.08770161290322576,6.122983870967742,5,1
2015,139,3181,64,3280,56,N,0,4,66.61674644623771,0.6774193548387096,11.64516129032258,5,61.22908434093929,0.8125,16.5,-1,5.387662105298425,-0.13508064516129037,-4.85483870967742,8,1
2015,139,3211,76,3333,64,N,0,11,60.666724080626025,0.7741935483870968,10.258064516129032,3,63.623098954114234,0.8620689655172413,15.310344827586206,8,-2.9563748734882083,-0.08787541713014457,-5.052280311457174,12,1
2015,139,3234,88,3274,70,N,0,3,64.6860106080212,0.7741935483870968,7.193548387096774,11,59.23062032945147,0.6129032258064516,7.354838709677419,-8,5.4553902785697375,0.16129032258064513,-0.16129032258064502,18,1
2015,139,3323,79,3177,67,N,0,1,76.25715702517803,0.9393939393939394,21.696969696969695,9,63.778914380678394,0.7878787878787878,16.90909090909091,-8,12.478242644499637,0.1515151515151516,4.787878787878785,12,1
2015,139,3376,97,3393,68,N,0,1,69.79120122182282,0.9375,22.96875,8,62.20274077902808,0.7,9.066666666666666,-7,7.588460442794734,0.23750000000000004,13.902083333333334,29,1
2015,139,3400,73,3143,70,N,0,5,63.51395600955537,0.6875,9.6875,4,63.59783678160588,0.71875,7.34375,1,-0.08388077205050593,-0.03125,2.34375,3,1
2015,140,3113,57,3114,54,N,0,3,63.872110910011976,0.84375,12.3125,11,55.27287579523957,0.875,14.25,-8,8.599235114772405,-0.03125,-1.9375,3,1
2015,140,3163,91,3353,55,N,0,1,77.89079058889128,0.9696969696969696,42.06060606060606,8,62.13540637755211,0.7096774193548387,8.741935483870968,-7,15.75538421133917,0.26001955034213087,33.318670576735094,36,1
2015,140,3199,65,3195,47,N,0,2,65.8539221887866,0.8787878787878788,18.78787878787879,7,60.25623606600562,0.935483870967742,18.806451612903224,-5,5.597686122780978,-0.05669599217986321,-0.018572825024435247,18,1
2015,140,3257,60,3378,52,N,0,3,66.77790713809563,0.8064516129032258,15.290322580645162,6,62.278619010410914,0.7878787878787878,12.333333333333334,-3,4.499288127684714,0.01857282502443791,2.956989247311828,8,1
2015,140,3268,85,3343,70,N,0,1,70.05393587928042,0.9375,19.3125,8,60.78319954555591,1,24.9,-7,9.270736333724507,-0.0625,-5.587499999999999,15,1
2015,140,3314,86,3326,84,N,0,4,65.08399459349062,0.75,10.8125,5,63.21181214247664,0.696969696969697,9.575757575757576,-1,1.8721824510139768,0.05303030303030298,1.2367424242424239,2,1
2015,140,3390,86,3328,76,N,0,4,67.43281688225579,0.7272727272727273,9.484848484848484,5,62.855400532782056,0.6451612903225806,6.064516129032258,-1,4.5774163494737365,0.08211143695014667,3.4203323558162264,10,1
2015,140,3397,77,3338,67,N,0,2,69.43952118792464,0.84375,16.40625,10,56.69966271817152,0.6333333333333333,6.6,-8,12.739858469753123,0.2104166666666667,9.80625,10,1
2015,144,3124,81,3234,66,N,0,2,72.16664315705626,0.9090909090909092,20.666666666666668,3,64.6860106080212,0.7741935483870968,7.193548387096774,-1,7.48063254903505,0.13489736070381242,13.473118279569894,15,1
2015,144,3199,66,3113,65,N,0,2,65.8539221887866,0.8787878787878788,18.78787878787879,3,63.872110910011976,0.84375,12.3125,-1,1.9818112787746216,0.035037878787878785,6.475378787878789,1,1
2015,144,3323,81,3390,60,N,0,1,76.25715702517803,0.9393939393939394,21.696969696969695,4,67.43281688225579,0.7272727272727273,9.484848484848484,-3,8.824340142922239,0.21212121212121215,12.212121212121211,21,1
2015,144,3376,67,3314,65,N,0,1,69.79120122182282,0.9375,22.96875,4,65.08399459349062,0.75,10.8125,-3,4.707206628332202,0.1875,12.15625,2,1
2015,145,3163,105,3400,54,N,0,1,77.89079058889128,0.9696969696969696,42.06060606060606,5,63.51395600955537,0.6875,9.6875,-4,14.376834579335906,0.2821969696969696,32.37310606060606,51,1
2015,145,3173,82,3257,66,N,0,7,61.47788575232333,0.8064516129032258,11.935483870967742,3,66.77790713809563,0.8064516129032258,15.290322580645162,4,-5.300021385772297,0,-3.35483870967742,16,1
2015,145,3268,65,3181,55,N,0,1,70.05393587928042,0.9375,19.3125,4,66.61674644623771,0.6774193548387096,11.64516129032258,-3,3.437189433042704,0.26008064516129037,7.66733870967742,10,1
2015,145,3397,73,3211,69,N,1,2,69.43952118792464,0.84375,16.40625,11,60.666724080626025,0.7741935483870968,10.258064516129032,-9,8.772797107298615,0.06955645161290325,6.148185483870968,4,1
2015,146,3323,77,3124,68,N,0,1,76.25715702517803,0.9393939393939394,21.696969696969695,2,72.16664315705626,0.9090909090909092,20.666666666666668,-1,4.090513868121775,0.030303030303030276,1.0303030303030276,9,1
2015,146,3376,80,3199,74,N,0,1,69.79120122182282,0.9375,22.96875,2,65.8539221887866,0.8787878787878788,18.78787878787879,-1,3.9372790330362193,0.058712121212121215,4.180871212121211,6,1
2015,147,3163,91,3173,70,N,0,1,77.89079058889128,0.9696969696969696,42.06060606060606,7,61.47788575232333,0.8064516129032258,11.935483870967742,-6,16.412904836567947,0.16324535679374386,30.12512218963832,21,1
2015,147,3268,58,3397,48,N,0,1,70.05393587928042,0.9375,19.3125,2,69.43952118792464,0.84375,16.40625,-1,0.6144146913557762,0.09375,2.90625,10,1
2015,153,3163,81,3268,58,N,0,1,77.89079058889128,0.9696969696969696,42.06060606060606,1,70.05393587928042,0.9375,19.3125,0,7.836854709610861,0.03219696969696961,22.748106060606062,23,1
2015,153,3323,66,3376,65,N,0,1,76.25715702517803,0.9393939393939394,21.696969696969695,1,69.79120122182282,0.9375,22.96875,0,6.4659558033552145,0.0018939393939394478,-1.2717803030303045,1,1
2015,155,3163,63,3323,53,N,0,1,77.89079058889128,0.9696969696969696,42.06060606060606,1,76.25715702517803,0.9393939393939394,21.696969696969695,0,1.6336335637132464,0.030303030303030165,20.363636363636367,10,1
2016,137,3107,61,3196,59,A,0,12,56.08365180193142,0.8709677419354839,18.677419354838708,5,60.77100271337492,0.7333333333333333,8.7,7,-4.687350911443502,0.1376344086021506,9.977419354838709,2,1
2016,137,3113,74,3308,52,H,0,2,65.26361243733562,0.8064516129032258,9.258064516129032,15,53.07364489774414,0.8571428571428571,8.964285714285714,-13,12.189967539591485,-0.05069124423963134,0.2937788018433185,22,1
2016,137,3120,68,3385,57,N,0,9,59.21142956057187,0.6129032258064516,3.032258064516129,8,59.600885831330665,0.71875,6.8125,1,-0.3894562707587923,-0.10584677419354838,-3.780241935483871,11,1
2016,137,3124,89,3225,59,H,0,1,73.33918643546855,0.9705882352941176,24.61764705882353,16,52.822247173230174,0.7096774193548387,10.612903225806452,-15,20.516939262238374,0.2609108159392789,14.004743833017077,30,1
2016,137,3177,97,3241,67,N,0,6,63.289730686522894,0.7575757575757576,16.272727272727273,11,60.888366035651195,0.84375,15.40625,-5,2.401364650871699,-0.08617424242424243,0.8664772727272734,30,1
2016,137,3243,56,3203,51,N,0,9,59.81866928952002,0.6,3.933333333333333,8,60.95394234210178,0.8125,9.65625,1,-1.1352730525817663,-0.21250000000000002,-5.722916666666666,5,1
2016,137,3257,87,3146,60,H,0,3,66.47162732336363,0.78125,12.71875,14,50.4732992846028,0.8888888888888888,9.11111111111111,-11,15.998328038760832,-0.10763888888888884,3.6076388888888893,27,1
2016,137,3277,74,3125,60,N,0,4,64.21554817887399,0.75,11.8125,13,50.831160244338314,0.7333333333333333,10.266666666666667,-9,13.384387934535674,0.01666666666666672,1.5458333333333325,14,1
2016,137,3280,60,3151,50,H,0,5,63.66676317027446,0.7878787878787878,15.93939393939394,12,59.022958876879926,0.7741935483870968,5.32258064516129,-7,4.643804293394531,0.013685239491691092,10.61681329423265,10,1
2016,137,3326,88,3138,69,H,0,3,65.50880685413443,0.7741935483870968,12.258064516129032,14,52.72877789409748,0.6060606060606061,1.0606060606060606,-11,12.780028960036951,0.16813294232649068,11.197458455522971,19,1
2016,137,3333,73,3407,31,H,0,2,66.65077501015394,0.875,15.5,15,50.520116741098256,0.6,3.033333333333333,-13,16.13065826905568,0.275,12.466666666666667,42,1
2016,137,3376,77,3239,41,H,0,1,72.60694599976851,0.96875,17.90625,16,50.291786235207624,0.6666666666666666,10,-15,22.31515976456089,0.30208333333333337,7.90625,36,1
2016,137,3382,65,3329,54,N,0,10,55.26016731824565,0.7666666666666667,7.966666666666667,7,62.59347269938771,0.7,7.6,3,-7.333305381142061,0.06666666666666676,0.36666666666666714,11,1
2016,137,3393,73,3119,56,H,0,4,65.59920298761988,0.78125,13,13,56.007623520056626,0.9333333333333332,20.066666666666663,-9,9.59157946756325,-0.15208333333333324,-7.066666666666663,17,1
2016,137,3397,59,3453,53,N,0,7,63.469353070545296,0.59375,7.0625,10,60.903648703058685,0.875,14.625,-3,2.5657043674866102,-0.28125,-7.5625,6,1
2016,137,3452,74,3343,65,N,0,6,63.38866518048508,0.7272727272727273,12.545454545454543,11,60.26702541202528,0.8214285714285714,18.25,-5,3.1216397684597936,-0.0941558441558441,-5.704545454545457,9,1
2016,138,3163,101,3352,49,H,0,1,79.53228911269647,1,39.6875,16,47.08093977284192,0.6129032258064516,3.806451612903226,-15,32.45134933985455,0.3870967741935484,35.881048387096776,52,1
2016,138,3182,97,3371,76,N,0,9,58.910641810199955,0.8387096774193549,10.548387096774194,8,59.837152361042726,0.7419354838709677,7.354838709677419,1,-0.9265105508427709,0.09677419354838712,3.193548387096775,21,1
2016,138,3199,72,3292,55,N,0,5,65.35455455676015,0.7666666666666667,17.066666666666666,12,57.72903324775584,0.75,8.8125,-7,7.625521309004313,0.01666666666666672,8.254166666666666,17,1
2016,138,3231,62,3208,58,N,0,9,60.11019615395973,0.6451612903225806,4.225806451612903,8,61.13457783504339,0.7,10.266666666666667,1,-1.0243816810836606,-0.05483870967741933,-6.0408602150537645,4,1
2016,138,3246,85,3421,31,H,0,3,65.85906067651274,0.7666666666666667,13.433333333333334,14,48.49784885908212,0.8,8.833333333333334,-11,17.361211817430622,-0.033333333333333326,4.6,54,1
2016,138,3268,74,3233,58,H,0,2,70.96778305303836,0.9090909090909092,24.03030303030303,15,52.69430888743309,0.6764705882352942,5.970588235294118,-13,18.273474165605272,0.23262032085561501,18.059714795008915,16,1
2016,138,3281,78,3140,69,N,0,10,59.62834147559768,0.7,10.5,7,60.378527032118406,0.8064516129032258,6.903225806451613,3,-0.7501855565207265,-0.1064516129032258,3.596774193548387,9,1
2016,138,3323,95,3299,61,H,0,1,76.99009487547103,0.96875,19.125,16,48.96219885382997,0.6071428571428571,4.107142857142857,-15,28.027896021641062,0.3616071428571429,15.017857142857142,34,1
2016,138,3328,61,3345,45,N,0,6,63.37020488271194,0.6774193548387096,8.32258064516129,11,59.832845192214954,0.6451612903225806,6.516129032258065,-5,3.5373596904969844,0.032258064516129004,1.806451612903225,16,1
2016,138,3355,74,3274,71,N,0,12,58.322975857067114,0.8125,10.8125,5,62.612725544644064,0.75,10.4375,7,-4.2897496875769505,0.0625,0.375,3,1
2016,138,3378,48,3161,45,N,0,6,62.35732832968221,0.71875,11.40625,11,59.17358657300348,0.9666666666666668,15.666666666666666,-5,3.183741756678728,-0.24791666666666679,-4.260416666666666,3,1
2016,138,3390,85,3362,58,H,0,4,66.01538889304587,0.7741935483870968,13.67741935483871,13,56.08343997221028,0.6333333333333333,3,-9,9.931948920835588,0.14086021505376345,10.67741935483871,27,1
2016,138,3400,86,3106,42,H,0,2,67.55131028285453,0.875,15,15,46.005973136839366,0.6206896551724138,4,-13,21.545337146015164,0.2543103448275862,11,44,1
2016,138,3401,74,3283,65,H,0,4,63.41920749006239,0.7,9.8,13,55.85923264821803,0.71875,7.375,-9,7.559974841844358,-0.018750000000000044,2.4250000000000007,9,1
2016,138,3417,66,3218,50,H,0,3,63.16337874628379,0.75,10.34375,14,54.8966300224219,0.6774193548387096,5.935483870967742,-11,8.266748723861888,0.07258064516129037,4.408266129032258,16,1
2016,138,3449,65,3335,53,N,0,7,61.519539051565545,0.6875,8.78125,10,57.3587754975096,0.8518518518518519,10.51851851851852,-3,4.160763554055947,-0.16435185185185186,-1.7372685185185208,12,1
2016,139,3124,84,3120,52,H,0,1,73.33918643546855,0.9705882352941176,24.61764705882353,9,59.21142956057187,0.6129032258064516,3.032258064516129,-8,14.127756874896676,0.357685009487666,21.5853889943074,32,1
2016,139,3177,73,3257,72,A,0,6,63.289730686522894,0.7575757575757576,16.272727272727273,3,66.47162732336363,0.78125,12.71875,3,-3.18189663684074,-0.02367424242424243,3.5539772727272734,1,1
2016,139,3280,74,3277,72,A,0,5,63.66676317027446,0.7878787878787878,15.93939393939394,4,64.21554817887399,0.75,11.8125,1,-0.5487850085995305,0.037878787878787845,4.1268939393939394,2,1
2016,139,3326,88,3452,81,H,0,3,65.50880685413443,0.7741935483870968,12.258064516129032,6,63.38866518048508,0.7272727272727273,12.545454545454543,-3,2.120141673649357,0.04692082111436946,-0.28739002932551116,7,1
2016,139,3333,69,3382,40,H,0,2,66.65077501015394,0.875,15.5,10,55.26016731824565,0.7666666666666667,7.966666666666667,-8,11.390607691908286,0.10833333333333328,7.533333333333333,29,1
2016,139,3376,73,3243,47,H,0,1,72.60694599976851,0.96875,17.90625,9,59.81866928952002,0.6,3.933333333333333,-8,12.788276710248496,0.36875,13.972916666666666,26,1
2016,139,3393,76,3107,59,H,0,4,65.59920298761988,0.78125,13,12,56.08365180193142,0.8709677419354839,18.677419354838708,-8,9.515551185688459,-0.08971774193548387,-5.677419354838708,17,1
2016,139,3397,75,3113,64,A,0,7,63.469353070545296,0.59375,7.0625,2,65.26361243733562,0.8064516129032258,9.258064516129032,5,-1.7942593667903282,-0.21270161290322576,-2.195564516129032,11,1
2016,140,3163,97,3182,51,H,0,1,79.53228911269647,1,39.6875,9,58.910641810199955,0.8387096774193549,10.548387096774194,-8,20.62164730249652,0.16129032258064513,29.139112903225808,46,1
2016,140,3199,74,3401,56,A,0,5,65.35455455676015,0.7666666666666667,17.066666666666666,4,63.41920749006239,0.7,9.8,1,1.9353470666977586,0.06666666666666676,7.266666666666666,18,1
2016,140,3246,79,3328,58,H,0,3,65.85906067651274,0.7666666666666667,13.433333333333334,6,63.37020488271194,0.6774193548387096,8.32258064516129,-3,2.488855793800802,0.08924731182795709,5.1107526881720435,21,1
2016,140,3323,87,3231,70,H,0,1,76.99009487547103,0.96875,19.125,9,60.11019615395973,0.6451612903225806,4.225806451612903,-8,16.879898721511303,0.3235887096774194,14.899193548387096,17,1
2016,140,3390,66,3355,65,H,0,4,66.01538889304587,0.7741935483870968,13.67741935483871,12,58.322975857067114,0.8125,10.8125,-8,7.692413035978753,-0.03830645161290325,2.86491935483871,1,1
2016,140,3400,73,3281,55,H,0,2,67.55131028285453,0.875,15,10,59.62834147559768,0.7,10.5,-8,7.922968807256851,0.17500000000000004,4.5,18,1
2016,140,3417,72,3378,67,H,0,3,63.16337874628379,0.75,10.34375,6,62.35732832968221,0.71875,11.40625,-3,0.806050416601579,0.03125,-1.0625,5,1
2016,140,3449,74,3268,65,A,0,7,61.519539051565545,0.6875,8.78125,2,70.96778305303836,0.9090909090909092,24.03030303030303,5,-9.448244001472816,-0.22159090909090917,-15.249053030303031,9,1
2016,144,3390,90,3323,84,N,0,4,66.01538889304587,0.7741935483870968,13.67741935483871,1,76.99009487547103,0.96875,19.125,3,-10.974705982425164,-0.19455645161290325,-5.44758064516129,6,1
2016,144,3393,80,3376,72,N,0,4,65.59920298761988,0.78125,13,1,72.60694599976851,0.96875,17.90625,3,-7.007743012148637,-0.1875,-4.90625,8,1
2016,144,3397,78,3326,62,N,0,7,63.469353070545296,0.59375,7.0625,3,65.50880685413443,0.7741935483870968,12.258064516129032,4,-2.0394537835891384,-0.18044354838709675,-5.195564516129032,16,1
2016,144,3449,85,3246,72,N,0,7,61.519539051565545,0.6875,8.78125,3,65.85906067651274,0.7666666666666667,13.433333333333334,4,-4.339521624947196,-0.07916666666666672,-4.652083333333334,13,1
2016,145,3124,78,3199,58,N,0,1,73.33918643546855,0.9705882352941176,24.61764705882353,5,65.35455455676015,0.7666666666666667,17.066666666666666,-4,7.984631878708399,0.20392156862745092,7.550980392156863,20,1
2016,145,3163,98,3280,38,N,0,1,79.53228911269647,1,39.6875,5,63.66676317027446,0.7878787878787878,15.93939393939394,-4,15.865525942422018,0.21212121212121215,23.748106060606062,60,1
2016,145,3333,83,3177,71,N,0,2,66.65077501015394,0.875,15.5,6,63.289730686522894,0.7575757575757576,16.272727272727273,-4,3.3610443236310417,0.11742424242424243,-0.7727272727272734,12,1
2016,145,3400,72,3417,64,N,0,2,67.55131028285453,0.875,15,3,63.16337874628379,0.75,10.34375,-1,4.38793153657074,0.125,4.65625,8,1
2016,146,3393,89,3397,67,N,0,4,65.59920298761988,0.78125,13,7,63.469353070545296,0.59375,7.0625,-3,2.12984991707458,0.1875,5.9375,22,1
2016,146,3449,85,3390,76,N,0,7,61.519539051565545,0.6875,8.78125,4,66.01538889304587,0.7741935483870968,13.67741935483871,3,-4.495849841480322,-0.08669354838709675,-4.89616935483871,9,1
2016,147,3163,86,3400,65,N,0,1,79.53228911269647,1,39.6875,2,67.55131028285453,0.875,15,-1,11.980978829841945,0.125,24.6875,21,1
2016,147,3333,60,3124,57,N,0,2,66.65077501015394,0.875,15.5,1,73.33918643546855,0.9705882352941176,24.61764705882353,1,-6.688411425314612,-0.09558823529411764,-9.117647058823529,3,1
2016,153,3163,80,3333,51,N,0,1,79.53228911269647,1,39.6875,2,66.65077501015394,0.875,15.5,-1,12.881514102542539,0.125,24.1875,29,1
2016,153,3393,80,3449,59,N,0,4,65.59920298761988,0.78125,13,7,61.519539051565545,0.6875,8.78125,-3,4.079663936054331,0.09375,4.21875,21,1
2016,155,3163,82,3393,51,N,0,1,79.53228911269647,1,39.6875,4,65.59920298761988,0.78125,13,-3,13.9330861250766,0.21875,26.6875,31,1
2017,137,3113,73,3277,61,N,0,8,62.26652595304697,0.6129032258064516,6.161290322580645,9,62.049123543562914,0.65625,7.03125,-1,0.21740240948405898,-0.043346774193548376,-0.869959677419355,12,1
2017,137,3166,76,3405,49,N,0,7,60.393168750094645,0.7666666666666667,8.066666666666666,10,56.142668643453305,0.75,8.28125,-3,4.25050010664134,0.01666666666666672,-0.21458333333333357,27,1
2017,137,3177,88,3320,67,N,0,7,63.88042936871496,0.7878787878787878,13.727272727272728,10,56.24462566013785,0.7419354838709677,9.387096774193548,-3,7.635803708577107,0.045943304007820096,4.34017595307918,21,1
2017,137,3199,87,3442,66,H,0,3,66.19714277626696,0.8064516129032258,21.806451612903224,14,53.74637537926373,0.8,9.8,-11,12.450767397003226,0.006451612903225712,12.006451612903223,21,1
2017,137,3246,73,3125,70,H,0,4,64.83581717494543,0.6774193548387096,8.193548387096774,13,54.16970497377458,0.8387096774193549,12.096774193548388,-9,10.666112201170854,-0.16129032258064524,-3.903225806451614,3,1
2017,137,3268,103,3137,61,H,0,3,70.93695288456072,0.9375,25.4375,14,54.837917567782235,0.84375,9.9375,-11,16.09903531677849,0.09375,15.5,42,1
2017,137,3280,110,3407,69,H,0,2,66.78894184383827,0.8787878787878788,19.454545454545453,15,51.2016937500973,0.6666666666666666,8.266666666666667,-13,15.587248093740975,0.21212121212121215,11.187878787878786,41,1
2017,137,3281,66,3378,64,N,0,6,61.988291019378586,0.6774193548387096,4.645161290322581,11,61.68283751397516,0.75,9.3125,-5,0.30545350540342753,-0.07258064516129037,-4.667338709677419,2,1
2017,137,3301,62,3120,48,N,0,6,61.89826659189828,0.7333333333333333,12.466666666666669,11,58.383822523276635,0.5483870967741935,2.225806451612903,-5,3.5144440686216427,0.18494623655913978,10.240860215053765,14,1
2017,137,3323,79,3352,49,H,0,1,75.15727692545222,0.9090909090909092,18.21212121212121,16,47.82632104361417,0.6774193548387096,6.645161290322581,-15,27.33095588183805,0.23167155425219954,11.566959921798631,30,1
2017,137,3326,70,3443,63,N,0,5,66.54729930267186,0.8125,15.5625,12,59.326657184590864,0.8181818181818182,13.757575757575758,-7,7.220642118080995,-0.005681818181818232,1.8049242424242422,7,1
2017,137,3333,56,3253,55,H,0,2,68.43667871427212,0.8787878787878788,12.272727272727272,15,54.25019934621265,0.6875,2.46875,-13,14.186479368059466,0.19128787878787878,9.803977272727272,1,1
2017,137,3345,74,3453,62,N,0,9,61.709645200069495,0.6470588235294118,7.823529411764706,8,59.562642693482715,0.84375,18.65625,1,2.14700250658678,-0.1966911764705882,-10.832720588235293,12,1
2017,137,3376,90,3421,40,H,0,1,71.59634635433424,0.8709677419354839,19.258064516129032,16,46.86285147091196,0.5625,2.3125,-15,24.73349488342228,0.3084677419354839,16.945564516129032,50,1
2017,137,3400,78,3146,50,H,0,3,67.49820465931222,0.7419354838709677,12.35483870967742,14,53.234199236425255,0.8461538461538461,11.73076923076923,-11,14.264005422886967,-0.1042183622828784,0.62406947890819,28,1
2017,137,3452,75,3189,62,N,0,6,63.93738816155109,0.696969696969697,12.545454545454543,11,57.85828349020073,0.8125,11.21875,-5,6.079104671350358,-0.11553030303030298,1.3267045454545432,13,1
2017,138,3124,119,3411,30,H,0,1,72.59182764290338,0.9090909090909092,32.57575757575758,16,47.374786421302375,0.7096774193548387,4.645161290322581,-15,25.217041221601008,0.19941348973607043,27.930596285434998,89,1
2017,138,3143,55,3261,52,N,0,9,59.57682899571769,0.59375,5.03125,8,59.738372845218954,0.6451612903225806,4.709677419354839,1,-0.161543849501264,-0.05141129032258063,0.32157258064516103,3,1
2017,138,3163,116,3107,55,H,0,1,80.68662574312637,1,32.8125,16,53.40994113675426,0.6451612903225806,3.645161290322581,-15,27.276684606372108,0.3548387096774194,29.16733870967742,61,1
2017,138,3181,94,3214,31,H,0,2,66.6770958755199,0.84375,17.71875,15,48.41005222828113,0.625,2.15625,-13,18.267043647238765,0.21875,15.5625,63,1
2017,138,3243,67,3179,54,H,0,7,63.07674664194064,0.6875,5.59375,10,59.03432062566422,0.8709677419354839,16.93548387096774,-3,4.042426016276416,-0.18346774193548387,-11.34173387096774,13,1
2017,138,3257,82,3151,62,H,0,4,66.8919608619107,0.7941176470588235,14.882352941176473,13,57.00691514823173,0.6774193548387096,5.645161290322581,-9,9.885045713678977,0.11669829222011385,9.237191650853891,20,1
2017,138,3274,62,3195,60,H,0,4,64.02496966554274,0.7419354838709677,9.64516129032258,13,56.98239681186595,0.75,14.4375,-9,7.042572853676795,-0.008064516129032251,-4.79233870967742,2,1
2017,138,3328,75,3211,62,N,0,6,63.89701590855645,0.7096774193548387,5.096774193548387,11,59.176506840254525,0.8125,14.5,-5,4.720509068301922,-0.10282258064516125,-9.403225806451612,13,1
2017,138,3332,71,3396,70,N,0,10,60.0361748688392,0.6060606060606061,6.151515151515151,7,60.42743632874962,0.7741935483870968,9.580645161290322,3,-0.3912614599104245,-0.16813294232649068,-3.4291300097751707,1,1
2017,138,3346,68,3266,65,N,0,12,56.323736460100065,0.8181818181818182,11.575757575757576,5,60.90666007255387,0.78125,9,7,-4.582923612453804,0.03693181818181823,2.575757575757576,3,1
2017,138,3390,72,3308,64,N,0,2,67.79356463382196,0.8484848484848485,16.575757575757574,15,54.004289333547035,0.7857142857142857,7.928571428571429,-13,13.789275300274923,0.06277056277056281,8.647186147186146,8,1
2017,138,3393,85,3235,65,N,0,8,64.47135156179112,0.6774193548387096,12.35483870967742,9,60.29018559355303,0.6,5.833333333333333,-1,4.181165968238091,0.07741935483870965,6.521505376344087,20,1
2017,138,3397,66,3173,57,N,0,5,63.140966546482304,0.6333333333333333,8,12,58.9161390236365,0.7096774193548387,6.580645161290323,-7,4.224827522845807,-0.07634408602150544,1.419354838709677,9,1
2017,138,3401,63,3335,61,N,0,5,62.27980677157945,0.65625,6.90625,12,57.140657674811656,0.75,8.285714285714286,-7,5.139149096767795,-0.09375,-1.3794642857142865,2,1
2017,138,3417,83,3129,56,H,0,4,65.13201266940362,0.7419354838709677,9.935483870967742,13,55.48235309565872,0.7666666666666667,5.266666666666667,-9,9.649659573744898,-0.02473118279569897,4.668817204301075,27,1
2017,138,3449,91,3286,63,H,0,3,65.3224464223777,0.84375,21.625,14,54.47291971766335,0.7931034482758621,7.068965517241379,-11,10.849526704714343,0.0506465517241379,14.556034482758621,28,1
2017,139,3199,77,3281,55,H,0,3,66.19714277626696,0.8064516129032258,21.806451612903224,6,61.988291019378586,0.6774193548387096,4.645161290322581,-3,4.208851756888372,0.12903225806451613,17.161290322580644,22,1
2017,139,3268,83,3452,56,H,0,3,70.93695288456072,0.9375,25.4375,6,63.93738816155109,0.696969696969697,12.545454545454543,-3,6.999564723009634,0.24053030303030298,12.892045454545457,27,1
2017,139,3280,92,3177,71,H,0,2,66.78894184383827,0.8787878787878788,19.454545454545453,7,63.88042936871496,0.7878787878787878,13.727272727272728,-5,2.9085124751233167,0.09090909090909094,5.727272727272725,21,1
2017,139,3323,88,3345,82,H,1,1,75.15727692545222,0.9090909090909092,18.21212121212121,9,61.709645200069495,0.6470588235294118,7.823529411764706,-8,13.447631725382728,0.2620320855614974,10.388591800356505,6,1
2017,139,3326,82,3246,68,A,0,5,66.54729930267186,0.8125,15.5625,4,64.83581717494543,0.6774193548387096,8.193548387096774,1,1.711482127726427,0.13508064516129037,7.368951612903226,14,1
2017,139,3333,64,3166,52,H,0,2,68.43667871427212,0.8787878787878788,12.272727272727272,7,60.393168750094645,0.7666666666666667,8.066666666666666,-5,8.043509964177474,0.11212121212121207,4.206060606060605,12,1
2017,139,3376,71,3113,68,H,0,1,71.59634635433424,0.8709677419354839,19.258064516129032,8,62.26652595304697,0.6129032258064516,6.161290322580645,-7,9.329820401287272,0.25806451612903225,13.096774193548388,3,1
2017,139,3400,84,3301,80,H,0,3,67.49820465931222,0.7419354838709677,12.35483870967742,6,61.89826659189828,0.7333333333333333,12.466666666666669,-3,5.5999380674139445,0.008602150537634468,-0.11182795698924863,4,1
2017,140,3124,86,3143,46,H,0,1,72.59182764290338,0.9090909090909092,32.57575757575758,9,59.57682899571769,0.59375,5.03125,-8,13.014998647185692,0.31534090909090917,27.544507575757578,40,1
2017,140,3163,94,3393,64,H,0,1,80.68662574312637,1,32.8125,8,64.47135156179112,0.6774193548387096,12.35483870967742,-7,16.215274181335246,0.32258064516129037,20.45766129032258,30,1
2017,140,3257,75,3397,64,H,0,4,66.8919608619107,0.7941176470588235,14.882352941176473,5,63.140966546482304,0.6333333333333333,8,-1,3.7509943154284002,0.16078431372549018,6.882352941176473,11,1
2017,140,3332,74,3181,65,A,0,10,60.0361748688392,0.6060606060606061,6.151515151515151,2,66.6770958755199,0.84375,17.71875,8,-6.640921006680699,-0.23768939393939392,-11.567234848484848,9,1
2017,140,3346,85,3274,78,A,0,12,56.323736460100065,0.8181818181818182,11.575757575757576,4,64.02496966554274,0.7419354838709677,9.64516129032258,8,-7.701233205442676,0.07624633431085048,1.930596285434996,7,1
2017,140,3390,69,3243,48,A,0,2,67.79356463382196,0.8484848484848485,16.575757575757574,7,63.07674664194064,0.6875,5.59375,-5,4.716817991881321,0.1609848484848485,10.982007575757574,21,1
2017,140,3417,75,3401,43,H,0,4,65.13201266940362,0.7419354838709677,9.935483870967742,5,62.27980677157945,0.65625,6.90625,-1,2.8522058978241702,0.08568548387096775,3.029233870967742,32,1
2017,140,3449,108,3328,82,H,0,3,65.3224464223777,0.84375,21.625,6,63.89701590855645,0.7096774193548387,5.096774193548387,-3,1.4254305138212473,0.13407258064516125,16.528225806451612,26,1
2017,144,3124,97,3257,63,N,0,1,72.59182764290338,0.9090909090909092,32.57575757575758,4,66.8919608619107,0.7941176470588235,14.882352941176473,-3,5.699866780992679,0.11497326203208569,17.693404634581107,34,1
2017,144,3280,75,3449,64,N,0,2,66.78894184383827,0.8787878787878788,19.454545454545453,3,65.3224464223777,0.84375,21.625,-1,1.4664954214605785,0.035037878787878785,-2.1704545454545467,11,1
2017,144,3323,99,3326,76,N,0,1,75.15727692545222,0.9090909090909092,18.21212121212121,5,66.54729930267186,0.8125,15.5625,-4,8.609977622780363,0.09659090909090917,2.649621212121211,23,1
2017,144,3390,77,3400,66,N,0,2,67.79356463382196,0.8484848484848485,16.575757575757574,3,67.49820465931222,0.7419354838709677,12.35483870967742,-1,0.2953599745097364,0.10654936461388076,4.220918866080154,11,1
2017,145,3163,86,3417,71,H,0,1,80.68662574312637,1,32.8125,4,65.13201266940362,0.7419354838709677,9.935483870967742,-3,15.554613073722749,0.25806451612903225,22.877016129032256,15,1
2017,145,3199,66,3333,53,N,0,3,66.19714277626696,0.8064516129032258,21.806451612903224,2,68.43667871427212,0.8787878787878788,12.272727272727272,1,-2.2395359380051616,-0.07233626588465303,9.533724340175953,13,1
2017,145,3332,77,3268,63,N,0,10,60.0361748688392,0.6060606060606061,6.151515151515151,3,70.93695288456072,0.9375,25.4375,7,-10.900778015721528,-0.3314393939393939,-19.285984848484848,14,1
2017,145,3376,100,3346,58,N,0,1,71.59634635433424,0.8709677419354839,19.258064516129032,12,56.323736460100065,0.8181818181818182,11.575757575757576,-11,15.27260989423418,0.05278592375366564,7.682306940371456,42,1
2017,146,3280,94,3124,85,N,1,2,66.78894184383827,0.8787878787878788,19.454545454545453,1,72.59182764290338,0.9090909090909092,32.57575757575758,1,-5.802885799065109,-0.030303030303030387,-13.121212121212125,9,1
2017,146,3390,76,3323,75,N,0,2,67.79356463382196,0.8484848484848485,16.575757575757574,1,75.15727692545222,0.9090909090909092,18.21212121212121,1,-7.363712291630264,-0.06060606060606066,-1.6363636363636367,1,1
2017,147,3163,90,3332,52,H,0,1,80.68662574312637,1,32.8125,10,60.0361748688392,0.6060606060606061,6.151515151515151,-9,20.650450874287174,0.3939393939393939,26.660984848484848,38,1
2017,147,3376,71,3199,64,N,0,1,71.59634635433424,0.8709677419354839,19.258064516129032,3,66.19714277626696,0.8064516129032258,21.806451612903224,-2,5.3992035780672865,0.06451612903225812,-2.548387096774192,7,1
2017,151,3280,66,3163,64,N,1,2,66.78894184383827,0.8787878787878788,19.454545454545453,1,80.68662574312637,1,32.8125,1,-13.897683899288097,-0.12121212121212122,-13.357954545454547,2,1
2017,151,3376,62,3390,53,N,0,1,71.59634635433424,0.8709677419354839,19.258064516129032,2,67.79356463382196,0.8484848484848485,16.575757575757574,-1,3.802781720512286,0.022482893450635366,2.6823069403714577,9,1
2017,153,3376,67,3280,55,N,0,1,71.59634635433424,0.8709677419354839,19.258064516129032,2,66.78894184383827,0.8787878787878788,19.454545454545453,-1,4.807404510495971,-0.00782013685239491,-0.19648093841642122,12,1
2018,137,3124,96,3212,46,H,0,2,73.60893075303952,0.96875,30.6875,15,45.82749935583725,0.59375,-0.09375,-13,27.78143139720227,0.375,30.78125,50,1
2018,137,3177,90,3328,79,N,0,5,64.0833506161528,0.7878787878787878,12.545454545454543,12,62.0113063047289,0.5333333333333333,3.8,-7,2.0720443114239018,0.2545454545454545,8.745454545454542,11,1
2018,137,3257,74,3129,42,H,0,1,71.1289290198359,0.9411764705882352,19.647058823529413,16,56.023033383393994,0.7,5.8,-15,15.1058956364419,0.24117647058823521,13.847058823529412,32,1
2018,137,3266,84,3173,65,N,0,8,61.3997324104698,0.71875,10,9,59.45575443204066,0.7931034482758621,12.241379310344827,-1,1.9439779784291389,-0.0743534482758621,-2.2413793103448274,19,1
2018,137,3268,77,3343,57,N,0,5,67.391725092470665,0.78125,16.28125,12,58.12307348359074,0.8275862068965517,13.655172413793103,-7,9.268651608879928,-0.04633620689655171,2.626077586206897,20,1
2018,137,3276,75,3294,61,N,0,7,61.047310257643154,0.7096774193548387,13.483870967741936,10,56.02664965421662,0.8125,6.96875,-3,5.020660603426535,-0.10282258064516125,6.515120967741936,14,1
2018,137,3278,89,3453,77,N,0,10,61.52293512094992,0.7419354838709677,11.290322580645162,7,61.37232797324646,0.90625,19.125,3,0.15060714770345385,-0.16431451612903225,-7.834677419354838,12,1
2018,137,3301,62,3189,35,H,0,4,63.868661408022106,0.75,9.59375,13,58.437197641897995,0.7741935483870968,13.870967741935484,-9,5.431463766124111,-0.024193548387096753,-4.277217741935484,27,1
2018,137,3323,99,3169,81,H,0,1,74.5140985174168,0.90625,18.5625,16,50.879712649017506,0.5454545454545454,0.8181818181818182,-15,23.634385868399292,0.3607954545454546,17.744318181818183,18,1
2018,137,3332,88,3370,45,H,0,2,68.29631585892841,0.8823529411764706,18.823529411764707,15,48.25161408867486,0.5625,0.96875,-13,20.044701770253546,0.31985294117647056,17.854779411764707,43,1
2018,137,3333,82,3443,58,N,0,6,66.79808533773343,0.7666666666666667,15.5,11,57.75185710710328,0.7419354838709677,12.612903225806452,-5,9.046228230630149,0.02473118279569897,2.887096774193548,24,1
2018,137,3376,63,3299,52,H,0,2,71.49182393395594,0.8125,15.53125,15,48.74973849171096,0.7241379310344828,5.931034482758621,-13,22.742085442244985,0.08836206896551724,9.600215517241379,11,1
2018,137,3397,100,3251,60,H,0,3,65.45706272256035,0.7741935483870968,13.064516129032258,14,50.01736768603748,0.7096774193548387,8.935483870967742,-11,15.43969503652287,0.06451612903225801,4.129032258064516,40,1
2018,137,3401,89,3179,76,H,0,4,64.05152840433749,0.7272727272727273,9.757575757575758,13,58.56905636239968,0.78125,13.9375,-9,5.482472041937811,-0.05397727272727271,-4.179924242424242,13,1
2018,137,3437,81,3355,74,N,1,9,58.966720963476945,0.7333333333333333,7.566666666666666,8,59.26547895719155,0.8064516129032258,16.838709677419356,1,-0.2987579937146023,-0.07311827956989247,-9.27204301075269,7,1
2018,137,3438,68,3143,62,N,0,10,61.34094883244389,0.5806451612903226,1.096774193548387,7,62.4289660201952,0.6774193548387096,3.3870967741935485,3,-1.088017187751305,-0.09677419354838701,-2.2903225806451615,6,1
2018,138,3113,73,3304,62,N,0,7,62.48489581223195,0.6363636363636364,10.909090909090908,10,59.85821202769477,0.6774193548387096,5.67741935483871,-3,2.626683784537178,-0.04105571847507328,5.231671554252198,11,1
2018,138,3138,102,3378,79,N,0,11,58.09326748433466,0.84375,13.3125,6,63.36516166765553,0.7878787878787878,13.303030303030305,5,-5.2718941833208675,0.055871212121212155,0.009469696969695462,23,1
2018,138,3141,78,3261,69,N,0,11,60.02664976353655,0.8709677419354839,11.064516129032258,6,61.78042187759384,0.6785714285714286,5.178571428571429,5,-1.7537721140572913,0.19239631336405527,5.885944700460829,9,1
2018,138,3163,140,3384,52,H,0,1,80.65153701094945,1,36.90625,16,48.54635145344086,0.71875,8.96875,-15,32.10518555750859,0.28125,27.9375,88,1
2018,138,3166,76,3234,70,N,0,11,59.14855694285896,0.6,2.933333333333333,6,62.13386029619273,0.7741935483870968,10.32258064516129,5,-2.9853033533337694,-0.17419354838709677,-7.3892473118279565,6,1
2018,138,3181,72,3125,58,N,0,5,64.91818894250551,0.7333333333333333,12.833333333333334,12,57.13243746577466,0.9090909090909092,17.666666666666668,-7,7.7857514767308516,-0.1757575757575759,-4.833333333333334,14,1
2018,138,3195,80,3281,70,N,0,12,58.92073335272326,0.8709677419354839,17.29032258064516,5,63.74532350805619,0.7741935483870968,9.35483870967742,7,-4.824590155332928,0.09677419354838712,7.93548387096774,10,1
2018,138,3199,91,3114,49,H,0,3,67.1989718493137,0.8064516129032258,17.096774193548388,14,55.55870318556415,0.71875,7.375,-11,11.640268663749545,0.08770161290322576,9.721774193548388,42,1
2018,138,3208,68,3273,63,H,0,4,63.72672764967074,0.8064516129032258,10.64516129032258,13,58.05624752112005,0.9375,16.4375,-9,5.670480128550693,-0.13104838709677424,-5.79233870967742,5,1
2018,138,3280,95,3311,50,H,0,1,71.43792186684426,0.9696969696969696,26.303030303030305,16,46.50458594200458,0.5517241379310345,-0.10344827586206896,-15,24.93333592483968,0.41797283176593514,26.406478578892372,45,1
2018,138,3326,87,3203,45,H,0,3,67.30874769714167,0.8181818181818182,13.969696969696969,14,57.107960477063465,0.59375,2.5625,-11,10.200787220078205,0.22443181818181823,11.407196969696969,42,1
2018,138,3329,84,3393,57,N,0,9,61.726889540619744,0.6666666666666666,11.033333333333331,8,63.23567397938038,0.7333333333333333,7.633333333333334,1,-1.5087844387606353,-0.06666666666666665,3.3999999999999977,27,1
2018,138,3346,86,3274,72,N,0,9,59.0472146209643,0.84375,14.03125,8,63.26353923638051,0.6774193548387096,7.645161290322581,1,-4.216324615416212,0.16633064516129037,6.386088709677419,14,1
2018,138,3390,82,3211,68,H,0,4,67.00775283168933,0.6875,6.4375,13,60.103874103171194,0.84375,13.65625,-9,6.903878728518137,-0.15625,-7.21875,14,1
2018,138,3400,83,3263,54,H,0,2,68.46868498553307,0.8125,16.96875,15,53.490518507274224,0.7,7.4,-13,14.97816647825885,0.11250000000000004,9.56875,29,1
2018,138,3417,71,3110,60,H,0,3,66.6807359126053,0.7741935483870968,12.64516129032258,14,52.93549532726027,0.8125,6.9375,-11,13.74524058534503,-0.03830645161290325,5.70766129032258,11,1
2018,139,3124,80,3276,58,H,0,2,73.60893075303952,0.96875,30.6875,7,61.047310257643154,0.7096774193548387,13.483870967741936,-5,12.561620495396362,0.25907258064516125,17.203629032258064,22,1
2018,139,3257,90,3266,72,H,0,1,71.1289290198359,0.9411764705882352,19.647058823529413,8,61.3997324104698,0.71875,10,-7,9.729196609366092,0.22242647058823517,9.647058823529413,18,1
2018,139,3301,74,3268,60,H,0,4,63.868661408022106,0.75,9.59375,5,67.391725092470665,0.78125,16.28125,-1,-3.5230636844485588,-0.03125,-6.6875,14,1
2018,139,3323,98,3437,72,H,0,1,74.5140985174168,0.90625,18.5625,9,58.966720963476945,0.7333333333333333,7.566666666666666,-8,15.547377553939853,0.17291666666666672,10.995833333333334,26,1
2018,139,3332,101,3278,73,H,0,2,68.29631585892841,0.8823529411764706,18.823529411764707,10,61.52293512094992,0.7419354838709677,11.290322580645162,-8,6.773380737978492,0.1404174573055028,7.533206831119545,28,1
2018,139,3333,66,3397,59,A,0,6,66.79808533773343,0.7666666666666667,15.5,3,65.45706272256035,0.7741935483870968,13.064516129032258,3,1.341022615173074,-0.007526881720430034,2.435483870967742,7,1
2018,139,3376,66,3438,56,H,0,2,71.49182393395594,0.8125,15.53125,10,61.34094883244389,0.5806451612903226,1.096774193548387,-8,10.15087510151205,0.23185483870967738,14.434475806451612,10,1
2018,139,3401,80,3177,79,H,0,4,64.05152840433749,0.7272727272727273,9.757575757575758,5,64.0833506161528,0.7878787878787878,12.545454545454543,-1,-0.0318222118153102,-0.06060606060606055,-2.7878787878787854,1,1
2018,140,3138,86,3199,65,A,0,11,58.09326748433466,0.84375,13.3125,3,67.1989718493137,0.8064516129032258,17.096774193548388,8,-9.105704364979033,0.037298387096774244,-3.784274193548388,21,1
2018,140,3141,95,3326,78,A,0,11,60.02664976353655,0.8709677419354839,11.064516129032258,3,67.30874769714167,0.8181818181818182,13.969696969696969,8,-7.282097933605122,0.05278592375366564,-2.905180840664711,17,1
2018,140,3163,71,3346,46,H,0,1,80.65153701094945,1,36.90625,9,59.0472146209643,0.84375,14.03125,-8,21.604322389985157,0.15625,22.875,25,1
2018,140,3181,66,3208,40,A,0,5,64.91818894250551,0.7333333333333333,12.833333333333334,4,63.72672764967074,0.8064516129032258,10.64516129032258,1,1.1914612928347665,-0.07311827956989247,2.188172043010754,26,1
2018,140,3280,71,3329,56,H,0,1,71.43792186684426,0.9696969696969696,26.303030303030305,9,61.726889540619744,0.6666666666666666,11.033333333333331,-8,9.711032326224519,0.303030303030303,15.269696969696973,15,1
2018,140,3390,90,3195,70,H,0,4,67.00775283168933,0.6875,6.4375,12,58.92073335272326,0.8709677419354839,17.29032258064516,-8,8.08701947896607,-0.18346774193548387,-10.85282258064516,20,1
2018,140,3400,85,3113,65,H,0,2,68.46868498553307,0.8125,16.96875,7,62.48489581223195,0.6363636363636364,10.909090909090908,-5,5.983789173301126,0.17613636363636365,6.059659090909092,20,1
2018,140,3417,86,3166,64,H,0,3,66.6807359126053,0.7741935483870968,12.64516129032258,11,59.14855694285896,0.6,2.933333333333333,-8,7.53217896974634,0.17419354838709677,9.711827956989247,22,1
2018,144,3257,86,3390,59,H,0,1,71.1289290198359,0.9411764705882352,19.647058823529413,4,67.00775283168933,0.6875,6.4375,-3,4.121176188146563,0.25367647058823517,13.209558823529413,27,1
2018,144,3280,71,3301,57,N,0,1,71.43792186684426,0.9696969696969696,26.303030303030305,4,63.868661408022106,0.75,9.59375,-3,7.569260458822157,0.2196969696969696,16.709280303030305,14,1
2018,144,3333,72,3124,67,N,0,6,66.79808533773343,0.7666666666666667,15.5,2,73.60893075303952,0.96875,30.6875,4,-6.8108454153060904,-0.20208333333333328,-15.1875,5,1
2018,144,3417,84,3400,75,N,0,3,66.6807359126053,0.7741935483870968,12.64516129032258,2,68.46868498553307,0.8125,16.96875,1,-1.7879490729277734,-0.03830645161290325,-4.32358870967742,9,1
2018,145,3163,72,3181,59,N,0,1,80.65153701094945,1,36.90625,5,64.91818894250551,0.7333333333333333,12.833333333333334,-4,15.733348068443945,0.2666666666666667,24.072916666666664,13,1
2018,145,3323,90,3401,84,N,0,1,74.5140985174168,0.90625,18.5625,4,64.05152840433749,0.7272727272727273,9.757575757575758,-3,10.462570113079309,0.1789772727272727,8.804924242424242,6,1
2018,145,3332,83,3141,69,N,0,2,68.29631585892841,0.8823529411764706,18.823529411764707,11,60.02664976353655,0.8709677419354839,11.064516129032258,-9,8.269666095391862,0.011385199240986688,7.7590132827324485,14,1
2018,145,3376,79,3138,63,N,0,2,71.49182393395594,0.8125,15.53125,11,58.09326748433466,0.84375,13.3125,-9,13.398556449621282,-0.03125,2.21875,16,1
2018,146,3257,76,3333,43,N,0,1,71.1289290198359,0.9411764705882352,19.647058823529413,6,66.79808533773343,0.7666666666666667,15.5,-5,4.3308436821024685,0.17450980392156845,4.147058823529413,33,1
2018,146,3280,89,3417,73,N,0,1,71.43792186684426,0.9696969696969696,26.303030303030305,3,66.6807359126053,0.7741935483870968,12.64516129032258,-2,4.757185954238963,0.19550342130987286,13.657869012707724,16,1
2018,147,3163,94,3376,65,N,0,1,80.65153701094945,1,36.90625,2,71.49182393395594,0.8125,15.53125,-1,9.159713076993512,0.1875,21.375,29,1
2018,147,3323,84,3332,74,N,0,1,74.5140985174168,0.90625,18.5625,2,68.29631585892841,0.8823529411764706,18.823529411764707,-1,6.217782658488389,0.023897058823529438,-0.2610294117647065,10,1
2018,151,3280,73,3257,63,N,1,1,71.43792186684426,0.9696969696969696,26.303030303030305,1,71.1289290198359,0.9411764705882352,19.647058823529413,0,0.30899284700836915,0.028520499108734443,6.6559714795008915,10,1
2018,151,3323,91,3163,89,N,1,1,74.5140985174168,0.90625,18.5625,1,80.65153701094945,1,36.90625,0,-6.137438493532656,-0.09375,-18.34375,2,1
2018,153,3323,61,3280,58,N,0,1,74.5140985174168,0.90625,18.5625,1,71.43792186684426,0.9696969696969696,26.303030303030305,0,3.0761766505725348,-0.06344696969696961,-7.7405303030303045,3,1
2019,137,3113,60,3416,45,N,0,5,63.49103434586177,0.6666666666666666,8.1,12,61.12845777953367,0.8125,6.03125,-7,2.3625765663281015,-0.14583333333333337,2.0687499999999996,15,1
2019,137,3138,82,3353,71,N,0,10,59.02604615404652,0.71875,9.5,7,61.80017319560966,0.7096774193548387,6.483870967741935,3,-2.7741270415631405,0.009072580645161255,3.016129032258065,11,1
2019,137,3155,79,3377,66,N,0,9,58.18256452936479,0.6129032258064516,2.6129032258064515,8,59.03634614800948,0.8387096774193549,16.258064516129032,1,-0.8537816186446889,-0.22580645161290325,-13.64516129032258,13,1
2019,137,3163,110,3406,61,H,0,2,78.90682306402935,0.9393939393939394,28.03030303030303,15,51.50193416561084,0.625,1.5,-13,27.404888898418513,0.31439393939393945,26.53030303030303,49,1
2019,137,3199,70,3137,67,N,0,5,64.85465724601153,0.7419354838709677,7.935483870967742,12,55.693688508506725,0.8484848484848485,15.12121212121212,-7,9.160968737504803,-0.10654936461388076,-7.185728250244377,3,1
2019,137,3231,69,3400,65,N,0,10,60.04192551646384,0.625,4.375,7,65.26585897060728,0.71875,8.9375,3,-5.223933454143442,-0.09375,-4.5625,4,1
2019,137,3234,66,3273,61,H,0,2,65.78258496853827,0.8125,12.25,15,56.87373527195336,0.78125,6.5,-13,8.908849696584916,0.03125,5.75,5,1
2019,137,3257,69,3352,34,H,0,1,72.35118635733562,0.90625,18.59375,16,48.617941661126935,0.6774193548387096,7.67741935483871,-15,23.733244696208686,0.22883064516129037,10.91633064516129,35,1
2019,137,3266,58,3349,54,N,1,5,62.85913917811962,0.7878787878787878,21.272727272727273,12,58.19963134779857,0.9032258064516128,13.548387096774194,-7,4.659507830321047,-0.11534701857282492,7.724340175953079,4,1
2019,137,3274,69,3195,62,H,0,4,64.12103807629406,0.75,10.5,13,59.48721383709387,0.8666666666666667,17.8,-9,4.633824239200187,-0.1166666666666667,-7.300000000000001,7,1
2019,137,3276,84,3243,54,N,0,8,61.744529039258595,0.65625,8.3125,9,62.83109440079303,0.65625,1,-1,-1.0865653615344328,0,7.3125,30,1
2019,137,3280,103,3380,46,H,0,1,72.72508789158663,0.9375,28.34375,16,46.19663327931464,0.6071428571428571,-2.857142857142857,-15,26.528454612271986,0.3303571428571429,31.200892857142858,57,1
2019,137,3281,77,3179,76,N,1,7,63.60514597864926,0.696969696969697,8.030303030303031,10,59.70261571014306,0.8125,13.28125,-3,3.9025302685062044,-0.11553030303030298,-5.250946969696969,1,1
2019,137,3332,78,3340,40,H,0,2,69.40296396874102,0.875,21.40625,15,53.34712531395019,0.7741935483870968,10.612903225806452,-13,16.055838654790833,0.10080645161290325,10.793346774193548,38,1
2019,137,3376,74,3125,52,N,0,4,68.00284908173646,0.7,9.233333333333333,13,56.20120297393073,0.8125,16.09375,-9,11.80164610780573,-0.11250000000000004,-6.8604166666666675,22,1
2019,137,3401,84,3460,61,H,0,4,65.05793319278835,0.7741935483870968,9.741935483870968,13,57.40230832693024,0.8125,8.375,-9,7.655624865858115,-0.03830645161290325,1.366935483870968,23,1
2019,138,3124,95,3101,38,H,0,1,74.41730815613013,0.96875,25.9375,16,49.362483380535785,0.6785714285714286,6.392857142857143,-15,25.054824775594348,0.2901785714285714,19.544642857142858,57,1
2019,138,3140,73,3120,64,N,0,7,58.20458152781309,0.8064516129032258,6.451612903225806,10,60.92128764172319,0.7,8.233333333333333,-3,-2.7167061139100994,0.1064516129032258,-1.7817204301075265,9,1
2019,138,3143,92,3314,72,N,0,8,61.663588110983135,0.6129032258064516,3.4838709677419355,9,59.43238043521559,0.5625,4.28125,-1,2.2312076757675428,0.050403225806451624,-0.7973790322580645,20,1
2019,138,3211,68,3114,51,N,0,5,61.36988324053239,0.875,15.03125,12,54.9906663715072,0.6774193548387096,5.225806451612903,-7,6.379216869025186,0.19758064516129037,9.805443548387096,17,1
2019,138,3235,97,3308,61,H,0,3,64.02551978761242,0.7575757575757576,14.969696969696969,14,52.12789333048279,0.8,7.333333333333333,-11,11.897626457129633,-0.042424242424242475,7.636363636363636,36,1
2019,138,3246,82,3343,77,N,0,6,63.97227879551593,0.7741935483870968,13.548387096774194,11,58.37231975960225,0.7096774193548387,7.645161290322581,-5,5.599959035913685,0.06451612903225801,5.903225806451613,5,1
2019,138,3268,73,3347,51,H,0,3,67.36817172849476,0.875,14.1875,14,52.45708631658715,0.8064516129032258,9.193548387096774,-11,14.911085411907607,0.06854838709677424,4.993951612903226,22,1
2019,138,3277,88,3141,87,N,0,9,60.638014689525946,0.6451612903225806,7.774193548387097,8,60.82819004774856,0.78125,14.6875,1,-0.19017535822261777,-0.13608870967741937,-6.913306451612903,1,1
2019,138,3283,89,3177,78,N,0,11,56.58773931663256,0.71875,10.1875,6,64.70675686560277,0.7878787878787878,8.757575757575758,5,-8.119017548970213,-0.06912878787878785,1.4299242424242422,11,1
2019,138,3301,63,3263,51,H,0,3,66.6230832735951,0.8387096774193549,10.870967741935484,14,55.64841082244616,0.78125,9.875,-11,10.97467245114894,0.05745967741935487,0.995967741935484,12,1
2019,138,3323,92,3126,50,H,0,1,75.42528812548434,0.9090909090909092,25,16,47.463428448056526,0.6551724137931034,1.4137931034482758,-15,27.961859677427817,0.25391849529780575,23.586206896551722,42,1
2019,138,3333,80,3129,75,H,1,4,66.97253363956567,0.7741935483870968,15.387096774193548,13,58.52180341726892,0.8666666666666667,8.766666666666667,-9,8.450730222296748,-0.09247311827956994,6.6204301075268805,5,1
2019,138,3355,76,3346,65,N,0,6,61.04543037475509,0.8125,17.53125,11,59.231390701285626,0.8125,14.71875,-5,1.8140396734694662,0,2.8125,11,1
2019,138,3390,79,3413,54,H,0,2,69.25078317238365,0.875,14,15,56.41215889726422,0.8,14.333333333333334,-13,12.838624275119429,0.07499999999999996,-0.3333333333333339,25,1
2019,138,3393,70,3200,49,H,0,3,64.88746352084861,0.75,10.3125,14,57.713335216953595,0.7575757575757576,6.606060606060606,-11,7.174128303895017,-0.007575757575757569,3.7064393939393936,21,1
2019,138,3417,89,3397,77,N,0,6,65.5012970532921,0.625,5.15625,11,62.532234432873054,0.6129032258064516,6.096774193548387,-5,2.9690626204190522,0.012096774193548376,-0.940524193548387,12,1
2019,139,3113,57,3274,55,A,0,5,63.49103434586177,0.6666666666666666,8.1,4,64.12103807629406,0.75,10.5,1,-0.6300037304322856,-0.08333333333333337,-2.4000000000000004,2,1
2019,139,3163,84,3138,72,H,0,2,78.90682306402935,0.9393939393939394,28.03030303030303,10,59.02604615404652,0.71875,9.5,-8,19.880776909982835,0.22064393939393945,18.53030303030303,12,1
2019,139,3234,68,3281,52,H,0,2,65.78258496853827,0.8125,12.25,7,63.60514597864926,0.696969696969697,8.030303030303031,-5,2.177438989889012,0.11553030303030298,4.219696969696969,16,1
2019,139,3257,71,3276,50,H,0,1,72.35118635733562,0.90625,18.59375,8,61.744529039258595,0.65625,8.3125,-7,10.606657318077026,0.25,10.28125,21,1
2019,139,3280,85,3155,61,H,0,1,72.72508789158663,0.9375,28.34375,9,58.18256452936479,0.6129032258064516,2.6129032258064515,-8,14.542523362221836,0.3245967741935484,25.730846774193548,24,1
2019,139,3332,91,3231,68,H,0,2,69.40296396874102,0.875,21.40625,10,60.04192551646384,0.625,4.375,-8,9.361038452277178,0.25,17.03125,23,1
2019,139,3376,72,3199,64,H,0,4,68.00284908173646,0.7,9.233333333333333,5,64.85465724601153,0.7419354838709677,7.935483870967742,-1,3.14819183572493,-0.041935483870967794,1.2978494623655905,8,1
2019,139,3401,78,3266,76,H,0,4,65.05793319278835,0.7741935483870968,9.741935483870968,5,62.85913917811962,0.7878787878787878,21.272727272727273,-1,2.198794014668735,-0.013685239491691092,-11.530791788856305,2,1
2019,140,3124,102,3143,63,H,0,1,74.41730815613013,0.96875,25.9375,8,61.663588110983135,0.6129032258064516,3.4838709677419355,-7,12.753720045146999,0.3558467741935484,22.453629032258064,39,1
2019,140,3283,69,3235,60,A,0,11,56.58773931663256,0.71875,10.1875,3,64.02551978761242,0.7575757575757576,14.969696969696969,8,-7.437780470979867,-0.03882575757575757,-4.782196969696969,9,1
2019,140,3301,72,3246,57,H,0,3,66.6230832735951,0.8387096774193549,10.870967741935484,6,63.97227879551593,0.7741935483870968,13.548387096774194,-3,2.6508044780791664,0.06451612903225812,-2.67741935483871,15,1
2019,140,3323,91,3277,63,H,0,1,75.42528812548434,0.9090909090909092,25,9,60.638014689525946,0.6451612903225806,7.774193548387097,-8,14.787273435958397,0.26392961876832854,17.225806451612904,28,1
2019,140,3333,76,3211,70,H,0,4,66.97253363956567,0.7741935483870968,15.387096774193548,5,61.36988324053239,0.875,15.03125,-1,5.60265039903328,-0.10080645161290325,0.35584677419354804,6,1
2019,140,3355,75,3393,64,A,0,6,61.04543037475509,0.8125,17.53125,3,64.88746352084861,0.75,10.3125,3,-3.84203314609352,0.0625,7.21875,11,1
2019,140,3390,72,3140,63,H,0,2,69.25078317238365,0.875,14,7,58.20458152781309,0.8064516129032258,6.451612903225806,-5,11.046201644570559,0.06854838709677424,7.548387096774194,9,1
2019,140,3417,85,3268,80,A,0,6,65.5012970532921,0.625,5.15625,3,67.36817172849476,0.875,14.1875,3,-1.8668746752026522,-0.25,-9.03125,5,1
2019,144,3163,69,3417,61,H,0,2,78.90682306402935,0.9393939393939394,28.03030303030303,6,65.5012970532921,0.625,5.15625,-4,13.405526010737248,0.31439393939393945,22.87405303030303,8,1
2019,144,3257,61,3333,44,N,0,1,72.35118635733562,0.90625,18.59375,4,66.97253363956567,0.7741935483870968,15.387096774193548,-3,5.378652717769953,0.13205645161290325,3.206653225806452,17,1
2019,144,3280,76,3113,53,N,0,1,72.72508789158663,0.9375,28.34375,5,63.49103434586177,0.6666666666666666,8.1,-4,9.234053545724855,0.27083333333333337,20.24375,23,1
2019,144,3332,63,3355,53,H,0,2,69.40296396874102,0.875,21.40625,6,61.04543037475509,0.8125,17.53125,-4,8.357533593985927,0.0625,3.875,10,1
2019,145,3124,93,3376,68,N,0,1,74.41730815613013,0.96875,25.9375,4,68.00284908173646,0.7,9.233333333333333,-3,6.414459074393676,0.26875000000000004,16.704166666666666,25,1
2019,145,3234,79,3301,61,A,0,2,65.78258496853827,0.8125,12.25,3,66.6230832735951,0.8387096774193549,10.870967741935484,-1,-0.8404983050568262,-0.02620967741935487,1.379032258064516,18,1
2019,145,3323,87,3401,80,H,0,1,75.42528812548434,0.9090909090909092,25,4,65.05793319278835,0.7741935483870968,9.741935483870968,-3,10.367354932695989,0.13489736070381242,15.258064516129032,7,1
2019,145,3390,55,3283,46,N,0,2,69.25078317238365,0.875,14,11,56.58773931663256,0.71875,10.1875,-9,12.663043855751091,0.15625,3.8125,9,1
2019,146,3163,80,3257,73,H,0,2,78.90682306402935,0.9393939393939394,28.03030303030303,1,72.35118635733562,0.90625,18.59375,1,6.555636706693733,0.03314393939393945,9.436553030303031,7,1
2019,146,3332,88,3280,84,H,0,2,69.40296396874102,0.875,21.40625,1,72.72508789158663,0.9375,28.34375,1,-3.3221239228456056,-0.0625,-6.9375,4,1
2019,147,3124,85,3234,53,N,0,1,74.41730815613013,0.96875,25.9375,2,65.78258496853827,0.8125,12.25,-1,8.63472318759186,0.15625,13.6875,32,1
2019,147,3323,84,3390,68,H,0,1,75.42528812548434,0.9090909090909092,25,2,69.25078317238365,0.875,14,-1,6.174504953100694,0.03409090909090917,11,16,1
2019,151,3124,72,3332,67,N,0,1,74.41730815613013,0.96875,25.9375,2,69.40296396874102,0.875,21.40625,-1,5.0143441873891135,0.09375,4.53125,5,1
2019,151,3323,81,3163,76,N,0,1,75.42528812548434,0.9090909090909092,25,2,78.90682306402935,0.9393939393939394,28.03030303030303,-1,-3.4815349385450105,-0.030303030303030276,-3.030303030303031,5,1
2019,153,3124,82,3323,81,N,0,1,74.41730815613013,0.96875,25.9375,1,75.42528812548434,0.9090909090909092,25,0,-1.00797996935421,0.05965909090909083,0.9375,1,1
2021,139,3124,101,3238,52,N,0,2,74.20542371864337,0.925925925925926,27.11111111111111,15,48.66191532904696,0.782608695652174,9.869565217391305,-13,25.54350838959641,0.1433172302737521,17.241545893719806,49,1
2021,139,3163,102,3219,59,N,0,1,76.40798185890692,0.96,31.52,16,48.61967325672851,0.7692307692307693,9.923076923076923,-15,27.78830860217841,0.1907692307692307,21.596923076923076,43,1
2021,139,3210,54,3372,52,N,1,5,62.09228683157127,0.6521739130434783,4.217391304347826,12,55.59668952098978,0.9166666666666666,28.708333333333332,-7,6.495597310581495,-0.26449275362318836,-24.490942028985508,2,1
2021,139,3234,87,3141,72,N,0,5,64.50198575912803,0.6666666666666666,6.111111111111111,12,58.35671280080252,0.6923076923076923,4.076923076923077,-7,6.1452729583255135,-0.02564102564102566,2.034188034188034,15,1
2021,139,3246,71,3226,63,N,0,4,63.41067979232831,0.68,7.28,13,55.544652137211685,0.875,12.125,-9,7.866027655116625,-0.19499999999999995,-4.845,8,1
2021,139,3276,87,3195,66,N,0,6,63.64232671776232,0.7368421052631579,10.36842105263158,11,61.69768024872735,0.9230769230769232,22.23076923076923,-5,1.9446464690349714,-0.18623481781376539,-11.86234817813765,21,1
2021,139,3301,79,3299,58,N,0,1,69.52815952986214,0.9090909090909092,15.772727272727272,16,49.05956905907761,0.8666666666666667,17,-15,20.468590470784527,0.042424242424242475,-1.2272727272727284,21,1
2021,139,3329,84,3448,61,N,0,8,61.722970867961905,0.6923076923076923,9,9,59.26724868732169,0.5,-1.2083333333333333,-1,2.4557221806402154,0.1923076923076923,10.208333333333334,23,1
2021,139,3333,83,3199,59,N,0,8,65.272009906025,0.5882352941176471,1.3529411764705883,9,62.657111219553315,0.5555555555555556,0.7777777777777778,-1,2.6148986864716903,0.0326797385620915,0.5751633986928105,24,1
2021,139,3376,79,3273,53,N,0,1,71.5142256059464,0.8461538461538461,17.5,16,49.88075694825581,0.75,7.958333333333333,-15,21.633468657690585,0.09615384615384615,9.541666666666668,26,1
2021,139,3378,57,3450,53,N,0,8,61.177847496788544,0.8571428571428571,11.333333333333334,9,59.27293758536073,0.5217391304347826,-0.04347826086956521,-1,1.904909911427815,0.3354037267080745,11.376811594202898,4,1
2021,139,3390,87,3430,44,N,0,1,71.4948500088513,0.925925925925926,25.703703703703702,16,46.20062584655428,0.6666666666666666,3.2777777777777777,-15,25.29422416229702,0.2592592592592594,22.425925925925924,43,1
2021,139,3393,72,3355,55,N,0,8,62.09667732866795,0.6190476190476191,2.857142857142857,9,61.33512204984908,0.875,10.166666666666666,-1,0.761555278818868,-0.25595238095238093,-7.309523809523808,17,1
2021,139,3397,87,3292,62,N,0,3,63.55157088100439,0.6956521739130435,9.73913043478261,14,56.17462000742391,0.7083333333333334,4.916666666666667,-11,7.376950873580476,-0.012681159420289911,4.822463768115942,25,1
2021,139,3439,70,3266,63,N,0,7,61.739500192436395,0.6086956521739131,8.08695652173913,10,63.8945725156529,0.76,9.4,-3,-2.155072323216501,-0.15130434782608693,-1.3130434782608695,7,1
2021,139,3452,77,3250,53,N,0,4,64.18933064069982,0.7777777777777778,6.518518518518518,13,51.42744608141635,0.6428571428571429,5.214285714285714,-9,12.761884559283473,0.13492063492063489,1.3042328042328037,24,1
2021,140,3104,80,3314,71,N,0,7,60.64825132463573,0.64,4.76,10,59.46947335649445,0.5652173913043478,8.08695652173913,-3,1.1787779681412829,0.07478260869565223,-3.326956521739131,9,1
2021,140,3112,79,3392,44,N,0,3,65.02851280797313,0.7619047619047619,10.523809523809524,14,52.74056135856821,0.75,9.6,-11,12.287951449404922,0.011904761904761862,0.9238095238095241,35,1
2021,140,3125,64,3211,59,N,0,12,54.98611402721385,0.8,12.32,5,63.09337577640454,0.8846153846153846,16.576923076923077,7,-8.107261749190691,-0.08461538461538454,-4.256923076923076,5,1
2021,140,3140,69,3353,66,N,0,11,57.81531862580563,0.782608695652174,10.130434782608695,6,63.195484552727955,0.7777777777777778,18.5,5,-5.380165926922324,0.004830917874396157,-8.369565217391305,3,1
2021,140,3208,67,3180,53,N,0,3,64.052018658685,0.7692307692307693,11.384615384615383,14,55.80611092988362,0.6363636363636364,4.2272727272727275,-11,8.245907728801377,0.13286713286713292,7.157342657342656,14,1
2021,140,3231,63,3433,32,N,0,4,65.33763643576847,0.782608695652174,15.173913043478262,13,54.170558784274114,0.6,2.4,-9,11.16707765149436,0.18260869565217397,12.773913043478261,31,1
2021,140,3235,79,3277,75,N,0,7,62.44587770127723,0.6153846153846154,5.923076923076923,10,61.21398076754329,0.6521739130434783,6.869565217391305,-3,1.2318969337339425,-0.03678929765886285,-0.9464882943143813,4,1
2021,140,3257,74,3265,43,N,0,2,70.31048644588779,0.8846153846153846,16.884615384615383,15,54.08576069760609,0.8571428571428571,13.571428571428571,-13,16.2247257482817,0.027472527472527486,3.313186813186812,31,1
2021,140,3268,98,3291,45,N,0,2,70.11799724924722,0.9230769230769232,21,15,46.29944660654846,0.7272727272727273,11.863636363636363,-13,23.818550642698767,0.19580419580419595,9.136363636363637,53,1
2021,140,3283,70,3413,51,N,0,5,62.51915259677739,0.9090909090909092,11.818181818181818,12,54.76049973257458,0.8666666666666667,9.533333333333331,-7,7.7586528642028085,0.042424242424242475,2.284848484848487,19,1
2021,140,3321,62,3416,51,N,0,7,63.268872392725704,0.6521739130434783,6.695652173913044,10,60.95883579783246,0.8,8.15,-3,2.3100365948932478,-0.14782608695652177,-1.4543478260869565,11,1
2021,140,3332,67,3377,47,N,0,6,67.91946833275725,0.6190476190476191,12.476190476190476,11,61.06777558634593,0.782608695652174,14.869565217391305,-5,6.851692746411317,-0.16356107660455488,-2.3933747412008284,20,1
2021,140,3400,81,3133,62,N,0,6,63.31098226872253,0.6666666666666666,7.074074074074074,11,53.993192800485765,0.5925925925925926,4.592592592592593,-5,9.317789468236768,0.07407407407407407,2.481481481481482,19,1
2021,140,3401,84,3407,80,N,0,2,67.55227142706102,0.92,14.48,15,55.252062886303655,0.8,11.4,-13,12.30020854075736,0.12,3.08,4,1
2021,140,3417,69,3461,48,N,0,3,67.70749911865701,0.7619047619047619,13.80952380952381,14,53.10772221362785,0.6086956521739131,4.434782608695652,-11,14.59977690502916,0.15320910973084878,9.374741200828158,21,1
2021,140,3460,66,3116,62,N,0,13,54.087111983669594,0.72,8.2,4,63.63516904032273,0.7037037037037037,9,9,-9.548057056653136,0.016296296296296253,-0.8000000000000007,4,1
2021,141,3124,90,3439,48,N,0,2,74.20542371864337,0.925925925925926,27.11111111111111,7,61.739500192436395,0.6086956521739131,8.08695652173913,-5,12.465923526206979,0.31723027375201296,19.02415458937198,42,1
2021,141,3163,83,3393,47,N,0,1,76.40798185890692,0.96,31.52,8,62.09667732866795,0.6190476190476191,2.857142857142857,-7,14.31130453023897,0.3409523809523809,28.662857142857142,36,1
2021,141,3210,73,3452,56,N,0,5,62.09228683157127,0.6521739130434783,4.217391304347826,4,64.18933064069982,0.7777777777777778,6.518518518518518,1,-2.09704380912855,-0.12560386473429952,-2.301127214170692,17,1
2021,141,3234,86,3246,72,N,0,5,64.50198575912803,0.6666666666666666,6.111111111111111,4,63.41067979232831,0.68,7.28,1,1.0913059667997231,-0.01333333333333342,-1.1688888888888895,14,1
2021,141,3276,70,3397,55,N,0,6,63.64232671776232,0.7368421052631579,10.36842105263158,3,63.55157088100439,0.6956521739130435,9.73913043478261,3,0.09075583675793553,0.041189931350114395,0.6292906178489712,15,1
2021,141,3301,79,3378,67,N,0,1,69.52815952986214,0.9090909090909092,15.772727272727272,8,61.177847496788544,0.8571428571428571,11.333333333333334,-7,8.350312033073592,0.051948051948052076,4.439393939393938,12,1
2021,141,3376,59,3333,42,N,0,1,71.5142256059464,0.8461538461538461,17.5,8,65.272009906025,0.5882352941176471,1.3529411764705883,-7,6.242215699921388,0.25791855203619907,16.147058823529413,17,1
2021,141,3390,73,3329,62,N,0,1,71.4948500088513,0.925925925925926,25.703703703703702,8,61.722970867961905,0.6923076923076923,9,-7,9.771879140889396,0.23361823361823375,16.703703703703702,11,1
2021,142,3112,52,3140,46,N,0,3,65.02851280797313,0.7619047619047619,10.523809523809524,11,57.81531862580563,0.782608695652174,10.130434782608695,-8,7.2131941821674985,-0.020703933747412084,0.3933747412008284,6,1
2021,142,3231,70,3125,48,N,0,4,65.33763643576847,0.782608695652174,15.173913043478262,12,54.98611402721385,0.8,12.32,-8,10.351522408554622,-0.017391304347826098,2.8539130434782614,22,1
2021,142,3257,62,3321,53,N,0,2,70.31048644588779,0.8846153846153846,16.884615384615383,7,63.268872392725704,0.6521739130434783,6.695652173913044,-5,7.041614053162085,0.2324414715719063,10.18896321070234,9,1
2021,142,3268,100,3104,64,N,0,2,70.11799724924722,0.9230769230769232,21,7,60.64825132463573,0.64,4.76,-5,9.469745924611495,0.2830769230769232,16.240000000000002,36,1
2021,142,3283,64,3460,39,N,0,5,62.51915259677739,0.9090909090909092,11.818181818181818,13,54.087111983669594,0.72,8.2,-8,8.432040613107795,0.1890909090909092,3.618181818181819,25,1
2021,142,3332,57,3208,50,N,0,6,67.91946833275725,0.6190476190476191,12.476190476190476,3,64.052018658685,0.7692307692307693,11.384615384615383,3,3.8674496740722475,-0.1501831501831502,1.091575091575093,7,1
2021,142,3400,71,3417,62,N,0,6,63.31098226872253,0.6666666666666666,7.074074074074074,3,67.70749911865701,0.7619047619047619,13.80952380952381,3,-4.3965168499344784,-0.09523809523809523,-6.735449735449736,9,1
2021,142,3401,84,3235,82,N,1,2,67.55227142706102,0.92,14.48,7,62.44587770127723,0.6153846153846154,5.923076923076923,-5,5.106393725783782,0.3046153846153846,8.556923076923077,2,1
2021,145,3112,74,3401,59,N,0,3,65.02851280797313,0.7619047619047619,10.523809523809524,2,67.55227142706102,0.92,14.48,1,-2.523758619087886,-0.15809523809523818,-3.9561904761904767,15,1
2021,145,3124,78,3276,75,N,1,2,74.20542371864337,0.925925925925926,27.11111111111111,6,63.64232671776232,0.7368421052631579,10.36842105263158,-4,10.56309700088105,0.1890838206627682,16.742690058479532,3,1
2021,145,3163,92,3234,72,N,0,1,76.40798185890692,0.96,31.52,5,64.50198575912803,0.6666666666666666,6.111111111111111,-4,11.90599609977889,0.29333333333333333,25.40888888888889,20,1
2021,145,3231,73,3301,70,N,0,4,65.33763643576847,0.782608695652174,15.173913043478262,1,69.52815952986214,0.9090909090909092,15.772727272727272,3,-4.190523094093663,-0.12648221343873522,-0.59881422924901,3,1
2021,146,3257,60,3332,42,N,0,2,70.31048644588779,0.8846153846153846,16.884615384615383,6,67.91946833275725,0.6190476190476191,12.476190476190476,-4,2.391018113130542,0.2655677655677655,4.408424908424907,18,1
2021,146,3376,76,3210,65,N,0,1,71.5142256059464,0.8461538461538461,17.5,5,62.09228683157127,0.6521739130434783,4.217391304347826,-4,9.421938774375121,0.19397993311036787,13.282608695652174,11,1
2021,146,3390,89,3283,62,N,0,1,71.4948500088513,0.925925925925926,25.703703703703702,5,62.51915259677739,0.9090909090909092,11.818181818181818,-4,8.975697412073913,0.01683501683501687,13.885521885521884,27,1
2021,146,3400,64,3268,61,N,0,6,63.31098226872253,0.6666666666666666,7.074074074074074,2,70.11799724924722,0.9230769230769232,21,4,-6.807014980524691,-0.2564102564102566,-13.925925925925926,3,1
2021,147,3112,66,3231,53,N,0,3,65.02851280797313,0.7619047619047619,10.523809523809524,4,65.33763643576847,0.782608695652174,15.173913043478262,-1,-0.3091236277953442,-0.020703933747412084,-4.650103519668738,13,1
2021,147,3163,69,3124,67,N,0,1,76.40798185890692,0.96,31.52,2,74.20542371864337,0.925925925925926,27.11111111111111,-1,2.202558140263548,0.03407407407407392,4.408888888888889,2,1
2021,148,3376,62,3400,34,N,0,1,71.5142256059464,0.8461538461538461,17.5,6,63.31098226872253,0.6666666666666666,7.074074074074074,-5,8.20324333722386,0.17948717948717952,10.425925925925926,28,1
2021,148,3390,78,3257,63,N,0,1,71.4948500088513,0.925925925925926,25.703703703703702,2,70.31048644588779,0.8846153846153846,16.884615384615383,-1,1.1843635629635116,0.04131054131054146,8.81908831908832,15,1
2021,151,3112,69,3163,59,N,0,3,65.02851280797313,0.7619047619047619,10.523809523809524,1,76.40798185890692,0.96,31.52,2,-11.379469050933793,-0.1980952380952381,-20.996190476190478,10,1
2021,151,3390,66,3376,65,N,0,1,71.4948500088513,0.925925925925926,25.703703703703702,1,71.5142256059464,0.8461538461538461,17.5,0,-0.019375597095091734,0.0797720797720799,8.203703703703702,1,1
2021,153,3390,54,3112,53,N,0,1,71.4948500088513,0.925925925925926,25.703703703703702,3,65.02851280797313,0.7619047619047619,10.523809523809524,-2,6.466337200878172,0.16402116402116418,15.179894179894179,1,1
2022,135,3173,88,3177,57,N,0,11,59.67057274837431,0.8333333333333334,10.766666666666667,11,62.00874913635256,0.6875,10,0,-2.338176387978251,0.14583333333333337,0.7666666666666675,31,1
2022,135,3224,55,3230,51,N,0,16,47.066481774027714,0.6785714285714286,3.392857142857143,16,41.841556321165754,0.4074074074074074,-3.5185185185185186,0,5.22492545286196,0.2711640211640212,6.911375661375661,4,1
2022,136,3255,74,3291,70,N,0,16,48.88666532072139,0.65625,4.3125,16,45.28347195907742,0.5384615384615384,0.4230769230769231,0,3.6031933616439744,0.11778846153846156,3.889423076923077,4,1
2022,136,3283,61,3199,50,N,0,11,59.98657202387712,0.7666666666666667,10.033333333333331,11,61.542705574649545,0.5666666666666667,4.133333333333334,0,-1.5561335507724223,0.20000000000000007,5.899999999999998,11,1
2022,137,3124,89,3218,49,H,0,2,70.74157821653931,0.8181818181818182,16.515151515151516,15,53.053724649487066,0.6896551724137931,1.4827586206896552,-13,17.687853567052244,0.12852664576802508,15.03239289446186,40,1
2022,137,3166,84,3160,74,N,0,10,60.37204004513871,0.6896551724137931,11.379310344827584,7,63.12324011955049,0.7333333333333333,8.533333333333333,3,-2.751200074411777,-0.04367816091954013,2.8459770114942504,10,1
2022,137,3195,84,3439,81,N,0,12,61.857210420031,0.9285714285714286,17.535714285714285,5,64.38293740419867,0.71875,12.875,7,-2.525726984167669,0.2098214285714286,4.660714285714285,3,1
2022,137,3208,70,3173,54,H,0,6,62.78210906545247,0.6896551724137931,10.137931034482758,11,59.67057274837431,0.8333333333333334,10.766666666666667,-5,3.111536317078155,-0.14367816091954022,-0.6287356321839095,16,1
2022,137,3211,68,3304,55,N,0,9,62.447839248992736,0.8125,13.5625,8,62.24953300607236,0.75,14.34375,1,0.19830624292037413,0.0625,-0.78125,13,1
2022,137,3234,98,3229,58,H,0,2,66.81740082407934,0.7666666666666667,13.666666666666666,15,54.19470589527544,0.5806451612903226,0.967741935483871,-13,12.622694928803902,0.1860215053763441,12.698924731182796,40,1
2022,137,3235,78,3426,71,H,0,3,65.35741135497923,0.8125,13.125,14,53.88678158534941,0.7407407407407407,3.925925925925926,-11,11.470629769629824,0.0717592592592593,9.199074074074074,7,1
2022,137,3242,77,3210,58,N,0,8,60.27769629469735,0.6896551724137931,7.275862068965517,9,62.13463925698201,0.6774193548387096,9.161290322580646,-1,-1.8569429622846627,0.012235817575083519,-1.885428253615129,19,1
2022,137,3257,83,3107,51,H,0,1,69.94745601333796,0.8620689655172413,17.137931034482758,16,48.16727665931408,0.7096774193548387,7.354838709677419,-15,21.780179354023872,0.15239154616240258,9.783092324805338,32,1
2022,137,3268,102,3174,71,H,0,4,67.60742470489102,0.7241379310344828,11.10344827586207,13,56.70639955134474,0.7666666666666667,8.366666666666667,-9,10.901025153546279,-0.042528735632183956,2.7367816091954023,31,1
2022,137,3274,78,3378,66,N,0,8,62.74794083825936,0.625,2.78125,9,61.778407907143624,0.75,6.9375,-1,0.9695329311157366,-0.125,-4.15625,12,1
2022,137,3376,79,3224,21,H,0,1,73.00206068638721,0.935483870967742,19.612903225806452,16,47.066481774027714,0.6785714285714286,3.392857142857143,-15,25.935578912359496,0.2569124423963134,16.22004608294931,58,1
2022,137,3377,75,3279,61,N,0,10,61.849265465925185,0.8387096774193549,15.483870967741936,7,61.25199342195497,0.7419354838709677,11.161290322580646,3,0.5972720439702144,0.09677419354838712,4.32258064516129,14,1
2022,137,3390,78,3286,37,H,0,1,73.38673186785567,0.9032258064516128,16.903225806451612,16,52.61862865294359,0.625,2,-15,20.76810321491208,0.27822580645161277,14.903225806451612,41,1
2022,137,3400,70,3193,52,H,0,2,67.92837826276465,0.8125,15.96875,15,52.76029958812592,0.8064516129032258,8.516129032258064,-13,15.168078674638735,0.006048387096774244,7.452620967741936,18,1
2022,137,3428,92,3116,69,N,0,7,61.479596544403066,0.6451612903225806,8.161290322580646,10,61.07794036358353,0.5806451612903226,8.03225806451613,-3,0.40165618081953625,0.06451612903225801,0.12903225806451601,23,1
2022,138,3112,72,3424,67,H,0,4,65.59793279674862,0.7407407407407407,11.037037037037036,13,55.15719418857907,0.8125,11.09375,-9,10.440738608169553,-0.0717592592592593,-0.05671296296296369,5,1
2022,138,3125,73,3332,70,N,2,12,55.4754589183592,0.7586206896551724,13.96551724137931,5,65.11392399075153,0.6333333333333333,9.8,7,-9.638465072392329,0.12528735632183907,4.165517241379309,3,1
2022,138,3163,83,3273,38,H,0,2,72.91162878770378,0.8333333333333334,20.6,15,52.868829053205765,0.7931034482758621,9.344827586206897,-13,20.04279973449801,0.04022988505747127,11.255172413793105,45,1
2022,138,3231,85,3150,51,H,0,3,65.7253891638191,0.7333333333333333,9.9,14,56.23894832523863,0.7096774193548387,5.483870967741935,-11,9.48644083858047,0.023655913978494536,4.416129032258065,34,1
2022,138,3243,50,3450,40,N,0,9,59.801538955660575,0.6129032258064516,6.516129032258065,8,62.25963259993574,0.6551724137931034,0.41379310344827586,1,-2.4580936442751664,-0.0422691879866518,6.102335928809789,10,1
2022,138,3261,83,3238,77,H,0,3,64.84351709842352,0.8333333333333334,13.2,14,50.91449320750682,0.7931034482758621,17.724137931034484,-11,13.929023890916696,0.04022988505747127,-4.524137931034485,6,1
2022,138,3276,74,3110,39,H,0,3,65.75910937245519,0.7857142857142857,11.178571428571429,14,52.67327634823387,0.7419354838709677,4,-11,13.085833024221316,0.04377880184331795,7.178571428571429,35,1
2022,138,3301,96,3255,68,H,0,1,70.8997786196521,0.90625,19.34375,16,48.88666532072139,0.65625,4.3125,-15,22.013113298930705,0.25,15.03125,28,1
2022,138,3314,79,3372,66,N,0,5,63.482380747287706,0.7931034482758621,18.344827586206897,12,56.693720238875706,0.8666666666666667,16.533333333333335,-7,6.788660508412001,-0.0735632183908046,1.8114942528735618,13,1
2022,138,3323,89,3269,78,N,0,5,64.31683860905636,0.7333333333333333,10.366666666666667,12,57.59172501293809,0.8125,10.75,-7,6.72511359611827,-0.07916666666666672,-0.38333333333333286,11,1
2022,138,3326,63,3283,56,N,0,6,64.48365264739937,0.7931034482758621,13.241379310344827,11,59.98657202387712,0.7666666666666667,10.033333333333331,-5,4.497080623522244,0.02643678160919538,3.208045977011496,7,1
2022,138,3328,78,3237,72,H,0,4,63.17553087615926,0.75,7.28125,13,57.523528057446214,0.8571428571428571,14.75,-9,5.6520028187130436,-0.1071428571428571,-7.46875,6,1
2022,138,3343,69,3246,62,N,0,11,62.22631899718442,0.8518518518518519,17.814814814814813,6,64.66307051951368,0.6333333333333333,6.966666666666667,5,-2.43675152232926,0.21851851851851856,10.848148148148146,7,1
2022,138,3397,80,3138,67,H,0,4,64.21704827353713,0.7419354838709677,9.741935483870968,13,58.59708623123183,0.7575757575757576,9.848484848484848,-9,5.619962042305303,-0.01564027370478982,-0.10654936461387976,13,1
2022,138,3416,69,3196,52,N,0,7,64.00598985610434,0.8928571428571429,13.214285714285714,10,60.17078396142127,0.6774193548387096,3.903225806451613,-3,3.835205894683064,0.21543778801843327,9.3110599078341,17,1
2022,138,3437,61,3140,57,N,0,11,62.91355814269493,0.7419354838709677,4.67741935483871,6,62.08036223592142,0.896551724137931,19.58620689655172,5,0.8331959067735113,-0.1546162402669633,-14.908787541713009,4,1
2022,139,3166,64,3234,62,A,0,10,60.37204004513871,0.6896551724137931,11.379310344827584,2,66.81740082407934,0.7666666666666667,13.666666666666666,8,-6.445360778940632,-0.07701149425287357,-2.2873563218390824,2,1
2022,139,3235,67,3208,44,H,0,3,65.35741135497923,0.8125,13.125,6,62.78210906545247,0.6896551724137931,10.137931034482758,-3,2.5753022895267677,0.12284482758620685,2.987068965517242,23,1
2022,139,3257,68,3211,59,H,0,1,69.94745601333796,0.8620689655172413,17.137931034482758,9,62.447839248992736,0.8125,13.5625,-8,7.49961676434522,0.049568965517241326,3.575431034482758,9,1
2022,139,3268,89,3195,65,H,0,4,67.60742470489102,0.7241379310344828,11.10344827586207,12,61.857210420031,0.9285714285714286,17.535714285714285,-8,5.750214284860014,-0.20443349753694584,-6.432266009852215,24,1
2022,139,3376,49,3274,33,N,0,1,73.00206068638721,0.935483870967742,19.612903225806452,8,62.74794083825936,0.625,2.78125,-7,10.25411984812785,0.310483870967742,16.831653225806452,16,1
2022,139,3377,61,3124,47,A,0,10,61.849265465925185,0.8387096774193549,15.483870967741936,2,70.74157821653931,0.8181818181818182,16.515151515151516,8,-8.892312750614124,0.02052785923753664,-1.0312805474095796,14,1
2022,139,3390,91,3242,65,H,0,1,73.38673186785567,0.9032258064516128,16.903225806451612,8,60.27769629469735,0.6896551724137931,7.275862068965517,-7,13.109035573158323,0.21357063403781962,9.627363737486096,26,1
2022,139,3400,78,3428,56,H,0,2,67.92837826276465,0.8125,15.96875,7,61.479596544403066,0.6451612903225806,8.161290322580646,-5,6.448781718361587,0.16733870967741937,7.807459677419354,22,1
2022,140,3163,52,3416,47,H,0,2,72.91162878770378,0.8333333333333334,20.6,7,64.00598985610434,0.8928571428571429,13.214285714285714,-5,8.90563893159944,-0.059523809523809534,7.385714285714288,5,1
2022,140,3231,56,3343,55,H,0,3,65.7253891638191,0.7333333333333333,9.9,11,62.22631899718442,0.8518518518518519,17.814814814814813,-8,3.499070166634681,-0.11851851851851858,-7.914814814814813,1,1
2022,140,3276,64,3437,49,H,0,3,65.75910937245519,0.7857142857142857,11.178571428571429,11,62.91355814269493,0.7419354838709677,4.67741935483871,-8,2.845551229760254,0.04377880184331795,6.501152073732719,15,1
2022,140,3301,89,3243,57,H,0,1,70.8997786196521,0.90625,19.34375,9,59.801538955660575,0.6129032258064516,6.516129032258065,-8,11.09823966399152,0.2933467741935484,12.827620967741936,32,1
2022,140,3314,63,3112,45,A,0,5,63.482380747287706,0.7931034482758621,18.344827586206897,4,65.59793279674862,0.7407407407407407,11.037037037037036,1,-2.1155520494609164,0.0523627075351214,7.3077905491698605,18,1
2022,140,3323,108,3328,64,A,0,5,64.31683860905636,0.7333333333333333,10.366666666666667,4,63.17553087615926,0.75,7.28125,1,1.1413077328971042,-0.01666666666666672,3.085416666666667,44,1
2022,140,3326,79,3261,64,A,0,6,64.48365264739937,0.7931034482758621,13.241379310344827,3,64.84351709842352,0.8333333333333334,13.2,3,-0.3598644510241513,-0.04022988505747127,0.04137931034482811,15,1
2022,140,3397,70,3125,67,H,0,4,64.21704827353713,0.7419354838709677,9.741935483870968,12,55.4754589183592,0.7586206896551724,13.96551724137931,-8,8.74158935517793,-0.016685205784204626,-4.223581757508342,3,1
2022,144,3166,76,3235,68,N,0,10,60.37204004513871,0.6896551724137931,11.379310344827584,3,65.35741135497923,0.8125,13.125,7,-4.985371309840524,-0.12284482758620685,-1.7456896551724164,8,1
2022,144,3376,69,3314,61,N,0,1,73.00206068638721,0.935483870967742,19.612903225806452,5,63.482380747287706,0.7931034482758621,18.344827586206897,-4,9.519679939099504,0.1423804226918799,1.2680756395995552,8,1
2022,144,3390,72,3268,66,N,0,1,73.38673186785567,0.9032258064516128,16.903225806451612,4,67.60742470489102,0.7241379310344828,11.10344827586207,-3,5.779307162964656,0.17908787541713,5.799777530589543,6,1
2022,144,3400,66,3326,63,N,0,2,67.92837826276465,0.8125,15.96875,6,64.48365264739937,0.7931034482758621,13.241379310344827,-4,3.444725615365286,0.0193965517241379,2.7273706896551726,3,1
2022,145,3163,75,3231,58,H,0,2,72.91162878770378,0.8333333333333334,20.6,3,65.7253891638191,0.7333333333333333,9.9,-1,7.186239623884674,0.10000000000000009,10.700000000000001,17,1
2022,145,3257,76,3397,64,N,0,1,69.94745601333796,0.8620689655172413,17.137931034482758,4,64.21704827353713,0.7419354838709677,9.741935483870968,-3,5.730407739800825,0.12013348164627358,7.39599555061179,12,1
2022,145,3276,52,3377,49,N,0,3,65.75910937245519,0.7857142857142857,11.178571428571429,10,61.849265465925185,0.8387096774193549,15.483870967741936,-7,3.90984390653,-0.05299539170506917,-4.305299539170507,3,1
2022,145,3301,66,3323,63,N,0,1,70.8997786196521,0.90625,19.34375,5,64.31683860905636,0.7333333333333333,10.366666666666667,-4,6.582940010595735,0.17291666666666672,8.977083333333333,3,1
2022,146,3376,80,3166,50,N,0,1,73.00206068638721,0.935483870967742,19.612903225806452,10,60.37204004513871,0.6896551724137931,11.379310344827584,-9,12.6300206412485,0.24582869855394884,8.233592880978868,30,1
2022,146,3390,59,3400,50,N,0,1,73.38673186785567,0.9032258064516128,16.903225806451612,2,67.92837826276465,0.8125,15.96875,-1,5.45835360509102,0.09072580645161277,0.9344758064516121,9,1
2022,147,3163,91,3301,87,N,2,2,72.91162878770378,0.8333333333333334,20.6,1,70.8997786196521,0.90625,19.34375,1,2.01185016805168,-0.07291666666666663,1.2562500000000014,4,1
2022,147,3257,62,3276,50,N,0,1,69.94745601333796,0.8620689655172413,17.137931034482758,3,65.75910937245519,0.7857142857142857,11.178571428571429,-2,4.18834664088277,0.07635467980295563,5.959359605911329,12,1
2022,151,3163,63,3390,58,N,0,2,72.91162878770378,0.8333333333333334,20.6,1,73.38673186785567,0.9032258064516128,16.903225806451612,1,-0.4751030801518965,-0.0698924731182794,3.6967741935483893,5,1
2022,151,3376,72,3257,59,N,0,1,73.00206068638721,0.935483870967742,19.612903225806452,1,69.94745601333796,0.8620689655172413,17.137931034482758,0,3.054604673049255,0.07341490545050067,2.474972191323694,13,1
2022,153,3376,64,3163,49,N,0,1,73.00206068638721,0.935483870967742,19.612903225806452,2,72.91162878770378,0.8333333333333334,20.6,-1,0.09043189868343404,0.10215053763440862,-0.9870967741935495,15,1
2023,135,3280,70,3228,56,N,0,11,60.22508403810751,0.6666666666666666,12.433333333333334,11,58.275556822512286,0.7096774193548387,10.870967741935484,0,1.949527215595225,-0.043010752688172116,1.5623655913978496,14,1
2023,135,3357,57,3380,47,N,0,16,44.36176876055199,0.5666666666666667,3.1666666666666665,16,45.66649897136867,0.5333333333333333,-5.1,0,-1.304730210816679,0.033333333333333326,8.266666666666666,10,1
2023,136,3385,66,3345,64,N,0,11,58.35587406670244,0.7333333333333333,6.1,11,59.73225969649655,0.6551724137931034,5.517241379310345,0,-1.3763856297941075,0.07816091954022986,0.5827586206896544,2,1
2023,136,3399,79,3284,69,N,0,16,51.153577901691904,0.6896551724137931,5.413793103448276,16,48.193890098863854,0.53125,0.71875,0,2.95968780282805,0.15840517241379315,4.695043103448276,10,1
2023,137,3112,75,3452,62,N,0,7,63.99107927916377,0.7,9.566666666666666,10,61.80287527581973,0.6333333333333333,5.1,-3,2.1882040033440404,0.06666666666666665,4.466666666666667,13,1
2023,137,3208,66,3199,54,N,0,10,62.7668002276522,0.65625,8.71875,7,62.0503516003809,0.71875,13.125,3,0.7164486272712978,-0.0625,-4.40625,12,1
2023,137,3234,95,3368,43,H,0,2,68.88184664973511,0.8125,16.1875,15,47.38489023135998,0.6785714285714286,5.142857142857143,-13,21.496956418375127,0.1339285714285714,11.044642857142858,52,1
2023,137,3261,73,3218,50,H,0,3,67.36567855405954,0.9333333333333332,26.366666666666667,14,52.299064154311225,0.5625,1,-11,15.066614399748318,0.37083333333333324,25.366666666666667,23,1
2023,137,3268,93,3221,61,H,0,2,68.69070699002206,0.8064516129032258,10.096774193548388,15,51.783050800269926,0.7419354838709677,6.741935483870968,-13,16.90765618975214,0.06451612903225801,3.35483870967742,32,1
2023,137,3276,71,3424,59,N,0,6,64.3149763756226,0.7096774193548387,11.161290322580646,11,59.19046064083127,0.9375,15.125,-5,5.124515734791338,-0.22782258064516125,-3.963709677419354,12,1
2023,137,3279,71,3211,48,N,0,8,62.91441156260071,0.7419354838709677,12.483870967741936,9,63.49328126517721,0.875,12.8125,-1,-0.5788697025764975,-0.13306451612903225,-0.32862903225806406,23,1
2023,137,3280,81,3166,66,N,0,11,60.22508403810751,0.6666666666666666,12.433333333333334,6,63.95959330539317,0.7333333333333333,9.933333333333334,5,-3.7345092672856595,-0.06666666666666665,2.5,15,1
2023,137,3323,82,3381,56,H,0,3,67.23367181813325,0.8333333333333334,16,14,53.698225123970815,0.7,0.8333333333333334,-11,13.535446694162431,0.13333333333333341,15.166666666666666,26,1
2023,137,3343,64,3301,63,N,0,10,62.628175485540446,0.8214285714285714,13.107142857142858,7,65.64910722835329,0.6451612903225806,8.548387096774194,3,-3.0209317428128415,0.17626728110599077,4.558755760368664,1,1
2023,137,3355,62,3425,57,N,1,9,61.420244050767145,0.8484848484848485,19.060606060606062,8,61.61236777170508,0.7,9.633333333333333,1,-0.19212372093793562,0.14848484848484855,9.42727272727273,5,1
2023,137,3376,72,3313,40,H,0,1,76.11489165568968,1,30.34375,16,49.14648578557744,0.8064516129032258,9.258064516129032,-15,26.968405870112235,0.19354838709677424,21.085685483870968,32,1
2023,137,3378,67,3266,65,N,1,8,62.59798397327572,0.8125,11.71875,9,62.50145853681551,0.6774193548387096,7.064516129032258,-1,0.09652543646020462,0.13508064516129037,4.654233870967742,2,1
2023,137,3390,92,3357,49,H,0,1,71.13612127889465,0.8484848484848485,17.848484848484848,16,44.36176876055199,0.5666666666666667,3.1666666666666665,-15,26.77435251834266,0.28181818181818186,14.681818181818182,43,1
2023,137,3428,103,3205,77,H,0,2,65.90131784463357,0.8620689655172413,17.551724137931036,15,51.78582404066022,0.8787878787878788,11.181818181818182,-13,14.115493803973344,-0.01671891327063746,6.369905956112854,26,1
2023,137,3439,58,3151,33,H,0,1,68.38122877779152,0.8709677419354839,15.451612903225806,16,47.613441100653176,0.6,3.8666666666666663,-15,20.767787677138344,0.2709677419354839,11.58494623655914,25,1
2023,138,3124,78,3104,74,N,0,7,64.12088923810175,0.6129032258064516,9.258064516129032,10,60.1890291379413,0.6666666666666666,10.1,-3,3.9318601001604563,-0.053763440860215006,-0.8419354838709676,4,1
2023,138,3160,82,3292,60,N,0,6,64.11573463257541,0.7419354838709677,10.193548387096774,11,59.199961769862654,0.875,17.21875,-5,4.915772862712757,-0.13306451612903225,-7.025201612903226,22,1
2023,138,3163,95,3436,52,H,0,2,71.7991418605757,0.8529411764705882,17.11764705882353,15,50.936363878431195,0.8,8.333333333333334,-13,20.862777982144507,0.05294117647058816,8.784313725490195,43,1
2023,138,3181,89,3233,49,H,0,3,65.25771104623553,0.8064516129032258,12.35483870967742,14,50.37736549421838,0.8125,9,-11,14.880345552017147,-0.006048387096774244,3.35483870967742,40,1
2023,138,3195,74,3450,63,N,0,12,62.55206004368315,0.9090909090909092,20.24242424242424,5,64.43006485339846,0.696969696969697,6.242424242424242,7,-1.8780048097153141,0.21212121212121215,13.999999999999996,11,1
2023,138,3231,77,3399,47,H,0,1,68.49272330565854,0.9,19.166666666666668,16,51.153577901691904,0.6896551724137931,5.413793103448276,-15,17.33914540396664,0.21034482758620687,13.752873563218392,30,1
2023,138,3257,83,3179,81,N,0,5,66.32864299413237,0.6764705882352942,9.529411764705882,12,57.52975282248673,0.7096774193548387,13.612903225806452,-7,8.798890171645638,-0.03320683111954459,-4.08349146110057,2,1
2023,138,3274,62,3329,61,N,0,9,62.049830691284775,0.6129032258064516,6.903225806451613,8,61.364278201490535,0.65625,7.34375,1,0.6855524897942402,-0.043346774193548376,-0.440524193548387,1,1
2023,138,3314,61,3385,59,N,0,6,64.15369385903968,0.6774193548387096,9.709677419354838,11,58.35587406670244,0.7333333333333333,6.1,-5,5.797819792337236,-0.05591397849462365,3.6096774193548384,2,1
2023,138,3326,80,3241,66,H,0,3,66.55770926864302,0.78125,12.5,14,54.47090248568184,0.78125,8.46875,-11,12.086806782961183,0,4.03125,14,1
2023,138,3328,85,3339,63,N,0,5,65.36598794746415,0.8064516129032258,8.870967741935484,12,57.77044378854869,0.7241379310344828,4.9655172413793105,-7,7.595544158915459,0.082313681868743,3.9054505005561735,22,1
2023,138,3397,95,3387,50,H,0,4,65.69548065330868,0.6764705882352942,9.676470588235292,13,54.70480703216959,0.5,-0.0588235294117647,-9,10.990673621139088,0.17647058823529416,9.735294117647056,45,1
2023,138,3400,79,3187,40,H,0,4,66.73784150771904,0.7352941176470589,15.823529411764708,13,56.06634190423271,0.71875,7.34375,-9,10.671499603486332,0.016544117647058876,8.479779411764708,39,1
2023,138,3405,80,3235,73,N,0,12,61.395478724320306,0.875,11.15625,5,65.6921860918592,0.7096774193548387,11.387096774193548,7,-4.296707367538893,0.16532258064516125,-0.23084677419354804,7,1
2023,138,3417,67,3170,45,H,0,4,64.83161497288837,0.7352941176470589,8.323529411764707,13,52.54085948853965,0.78125,9.59375,-9,12.290755484348722,-0.045955882352941124,-1.2702205882352935,22,1
2023,138,3437,76,3156,59,H,0,4,65.91298569629508,0.8235294117647058,12.264705882352942,13,56.35366304839645,0.8823529411764706,17.058823529411764,-9,9.559322647898632,-0.05882352941176472,-4.7941176470588225,17,1
2023,139,3234,74,3208,66,H,0,2,68.88184664973511,0.8125,16.1875,10,62.7668002276522,0.65625,8.71875,-8,6.115046422082912,0.15625,7.46875,8,1
2023,139,3261,66,3276,42,H,0,3,67.36567855405954,0.9333333333333332,26.366666666666667,6,64.3149763756226,0.7096774193548387,11.161290322580646,-3,3.0507021784369357,0.2236559139784945,15.205376344086021,24,1
2023,139,3268,77,3112,64,H,0,2,68.69070699002206,0.8064516129032258,10.096774193548388,7,63.99107927916377,0.7,9.566666666666666,-5,4.6996277108582944,0.1064516129032258,0.5301075268817215,13,1
2023,139,3279,54,3390,49,A,0,8,62.91441156260071,0.7419354838709677,12.483870967741936,1,71.13612127889465,0.8484848484848485,17.848484848484848,7,-8.221709716293937,-0.10654936461388076,-5.364613880742912,5,1
2023,139,3323,53,3280,48,H,0,3,67.23367181813325,0.8333333333333334,16,11,60.22508403810751,0.6666666666666666,12.433333333333334,-8,7.008587780025735,0.16666666666666674,3.5666666666666664,5,1
2023,139,3376,76,3378,45,H,0,1,76.11489165568968,1,30.34375,8,62.59798397327572,0.8125,11.71875,-7,13.516907682413958,0.1875,18.625,31,1
2023,139,3428,63,3343,56,H,0,2,65.90131784463357,0.8620689655172413,17.551724137931036,10,62.628175485540446,0.8214285714285714,13.107142857142858,-8,3.2731423590931215,0.04064039408866993,4.444581280788178,7,1
2023,139,3439,72,3355,60,H,0,1,68.38122877779152,0.8709677419354839,15.451612903225806,9,61.420244050767145,0.8484848484848485,19.060606060606062,-8,6.960984727024375,0.022482893450635366,-3.6089931573802563,12,1
2023,140,3160,61,3181,53,A,1,6,64.11573463257541,0.7419354838709677,10.193548387096774,3,65.25771104623553,0.8064516129032258,12.35483870967742,3,-1.1419764136601174,-0.06451612903225801,-2.161290322580646,8,1
2023,140,3163,77,3124,58,H,0,2,71.7991418605757,0.8529411764705882,17.11764705882353,7,64.12088923810175,0.6129032258064516,9.258064516129032,-5,7.6782526224739485,0.24003795066413658,7.859582542694497,19,1
2023,140,3257,73,3400,51,A,0,5,66.32864299413237,0.6764705882352942,9.529411764705882,4,66.73784150771904,0.7352941176470589,15.823529411764708,1,-0.4091985135866736,-0.05882352941176472,-6.294117647058826,22,1
2023,140,3274,70,3231,68,A,0,9,62.049830691284775,0.6129032258064516,6.903225806451613,1,68.49272330565854,0.9,19.166666666666668,8,-6.442892614373768,-0.2870967741935484,-12.263440860215056,2,1
2023,140,3326,71,3314,69,H,0,3,66.55770926864302,0.78125,12.5,6,64.15369385903968,0.6774193548387096,9.709677419354838,-3,2.404015409603346,0.10383064516129037,2.790322580645162,2,1
2023,140,3397,94,3405,47,H,0,4,65.69548065330868,0.6764705882352942,9.676470588235292,12,61.395478724320306,0.875,11.15625,-8,4.300001928988372,-0.19852941176470584,-1.4797794117647083,47,1
2023,140,3417,82,3328,73,H,0,4,64.83161497288837,0.7352941176470589,8.323529411764707,5,65.36598794746415,0.8064516129032258,8.870967741935484,-1,-0.5343729745757742,-0.07115749525616688,-0.5474383301707775,9,1
2023,140,3437,76,3195,57,H,0,4,65.91298569629508,0.8235294117647058,12.264705882352942,12,62.55206004368315,0.9090909090909092,20.24242424242424,-8,3.3609256526119324,-0.08556149732620333,-7.977718360071297,19,1
2023,144,3234,87,3160,77,N,0,2,68.88184664973511,0.8125,16.1875,6,64.11573463257541,0.7419354838709677,10.193548387096774,-4,4.766112017159699,0.07056451612903225,5.993951612903226,10,1
2023,144,3257,72,3279,62,N,0,5,66.32864299413237,0.6764705882352942,9.529411764705882,8,62.91441156260071,0.7419354838709677,12.483870967741936,-3,3.414231431531654,-0.06546489563567359,-2.9544592030360537,10,1
2023,144,3261,66,3428,63,N,0,3,67.36567855405954,0.9333333333333332,26.366666666666667,2,65.90131784463357,0.8620689655172413,17.551724137931036,1,1.464360709425975,0.07126436781609191,8.814942528735632,3,1
2023,144,3274,70,3437,65,N,0,9,62.049830691284775,0.6129032258064516,6.903225806451613,4,65.91298569629508,0.8235294117647058,12.264705882352942,5,-3.863155005010306,-0.21062618595825422,-5.361480075901329,5,1
2023,145,3268,76,3323,59,N,0,2,68.69070699002206,0.8064516129032258,10.096774193548388,3,67.23367181813325,0.8333333333333334,16,-1,1.457035171888819,-0.026881720430107614,-5.903225806451612,17,1
2023,145,3326,73,3163,61,N,0,3,66.55770926864302,0.78125,12.5,2,71.7991418605757,0.8529411764705882,17.11764705882353,1,-5.2414325919326785,-0.0716911764705882,-4.617647058823529,12,1
2023,145,3376,59,3417,43,H,0,1,76.11489165568968,1,30.34375,4,64.83161497288837,0.7352941176470589,8.323529411764707,-3,11.2832766828013,0.2647058823529411,22.020220588235293,16,1
2023,145,3439,73,3397,64,N,0,1,68.38122877779152,0.8709677419354839,15.451612903225806,4,65.69548065330868,0.6764705882352942,9.676470588235292,-3,2.685748124482842,0.19449715370018972,5.775142314990514,9,1
2023,146,3234,97,3257,83,N,0,2,68.88184664973511,0.8125,16.1875,5,66.32864299413237,0.6764705882352942,9.529411764705882,-3,2.5532036556027435,0.13602941176470584,6.658088235294118,14,1
2023,146,3261,54,3274,42,N,0,3,67.36567855405954,0.9333333333333332,26.366666666666667,9,62.049830691284775,0.6129032258064516,6.903225806451613,-6,5.315847862774767,0.3204301075268816,19.463440860215055,12,1
2023,147,3376,86,3268,75,H,0,1,76.11489165568968,1,30.34375,2,68.69070699002206,0.8064516129032258,10.096774193548388,-1,7.42418466566761,0.19354838709677424,20.246975806451612,11,1
2023,147,3439,84,3326,74,N,0,1,68.38122877779152,0.8709677419354839,15.451612903225806,3,66.55770926864302,0.78125,12.5,-2,1.8235195091484968,0.08971774193548387,2.951612903225806,10,1
2023,151,3234,77,3376,73,N,0,2,68.88184664973511,0.8125,16.1875,1,76.11489165568968,1,30.34375,1,-7.2330450059545655,-0.1875,-14.15625,4,1
2023,151,3261,79,3439,72,N,0,3,67.36567855405954,0.9333333333333332,26.366666666666667,1,68.38122877779152,0.8709677419354839,15.451612903225806,2,-1.015550223731978,0.06236559139784936,10.915053763440861,7,1
2023,153,3261,102,3234,85,N,0,3,67.36567855405954,0.9333333333333332,26.366666666666667,2,68.88184664973511,0.8125,16.1875,1,-1.5161680956755674,0.12083333333333324,10.179166666666667,17,1
2010,138,3201,55,3124,69,N,0,13,57.66879174816829,0.8181818181818182,12.87878787878788,4,64.35748595214233,0.71875,15.25,9,-6.688694203974038,0.09943181818181823,-2.3712121212121193,-14,0
2010,138,3395,66,3173,67,N,0,9,58.613556797502966,0.7333333333333333,12,8,58.380778730272795,0.7741935483870968,12.935483870967742,1,0.23277806723017136,-0.04086021505376347,-0.935483870967742,-1,0
2010,138,3214,37,3181,72,H,0,15,49.05327150969987,0.6451612903225806,8.774193548387096,2,68.92094651749076,0.84375,16.53125,13,-19.867675007790893,-0.19858870967741937,-7.757056451612904,-35,0
2010,138,3256,61,3199,75,H,0,14,55.17622619854164,0.7419354838709677,9.935483870967742,3,65.18070614430063,0.8387096774193549,15.32258064516129,11,-10.004479945758987,-0.09677419354838712,-5.387096774193548,-14,0
2010,138,3265,42,3207,62,N,0,12,57.8610253970423,0.7878787878787878,10.272727272727272,5,61.36269845597272,0.8,9.666666666666666,7,-3.5016730589304217,-0.0121212121212122,0.6060606060606055,-20,0
2010,138,3408,59,3208,64,N,0,12,56.452209974409485,0.8125,9.6875,5,60.82165915095063,0.7419354838709677,8.419354838709678,7,-4.369449176541146,0.07056451612903225,1.268145161290322,-5,0
2010,138,3314,76,3211,82,H,0,10,63.16170939065896,0.6333333333333333,9.833333333333334,7,61.580859572008414,0.8709677419354839,23.29032258064516,3,1.5808498186505489,-0.23763440860215057,-13.456989247311826,-6,0
2010,138,3353,63,3234,70,N,0,9,61.19207478283376,0.5625,0.78125,8,61.14357542648752,0.59375,3.34375,1,0.048499356346233924,-0.03125,-2.5625,-7,0
2010,138,3251,77,3246,83,H,0,13,55.69659873470365,0.8387096774193549,17.161290322580644,4,62.13318190846167,0.78125,15.78125,9,-6.436583173758024,0.05745967741935487,1.3800403225806441,-6,0
2010,138,3216,39,3261,60,N,0,10,58.86843013513419,0.8709677419354839,12.870967741935484,7,62.59465780592905,0.6896551724137931,17.24137931034483,3,-3.726227670794863,0.18131256952169073,-4.370411568409345,-21,0
2010,138,3132,62,3277,72,N,0,12,58.07784290024925,0.8181818181818182,13.606060606060606,5,62.73489417153124,0.7096774193548387,8.064516129032258,7,-4.657051271281986,0.10850439882697949,5.5415444770283475,-10,0
2010,138,3151,63,3329,70,N,0,13,55.640368175309675,0.75,5.65625,4,62.326572599908665,0.696969696969697,5.7272727272727275,9,-6.686204424598991,0.05303030303030298,-0.07102272727272751,-7,0
2010,138,3343,47,3385,65,N,0,11,53.59176270536042,0.9285714285714286,19.607142857142858,6,61.17742992348526,0.8,12.8,5,-7.58566721812484,0.12857142857142856,6.807142857142857,-18,0
2010,138,3415,47,3390,79,H,0,16,51.485159854488614,0.53125,0.34375,1,71.80230126940091,0.96875,23.15625,15,-20.3171414149123,-0.4375,-22.8125,-32,0
2010,138,3122,42,3397,75,H,0,16,47.72619652791551,0.46875,-5.59375,1,70.09795858562595,0.9375,17.40625,15,-22.371762057710434,-0.46875,-23,-33,0
2010,138,3340,53,3401,84,N,0,15,50.47773172998296,0.5333333333333333,1.4333333333333331,2,66.71816031280844,0.78125,15.1875,13,-16.240428582825473,-0.24791666666666667,-13.754166666666666,-31,0
2010,139,3210,53,3114,63,N,0,6,61.2177308928409,0.71875,8.5625,11,58.27379761340453,0.8125,14.4375,-5,2.943933279436365,-0.09375,-5.875,-10,0
2010,139,3380,39,3163,95,N,0,16,46.832562705129355,0.7333333333333333,5.566666666666666,1,76.20002858599591,1,34.75757575757576,15,-29.367465880866554,-0.2666666666666667,-29.19090909090909,-56,0
2010,139,3250,42,3235,79,H,0,13,54.6992054866581,0.90625,11.3125,4,62.949399415067056,0.7586206896551724,12.482758620689657,9,-8.250193928408954,0.14762931034482762,-1.1702586206896566,-37,0
2010,139,3292,64,3280,68,N,0,10,61.7264640362474,0.8333333333333334,17.333333333333332,7,60.15355468568838,0.6129032258064516,10.225806451612904,3,1.5729093505590228,0.22043010752688175,7.107526881720428,-4,0
2010,139,3320,44,3304,83,N,0,16,54.2756966683788,0.5161290322580645,1.7419354838709675,1,65.59724564214748,0.9666666666666668,18.9,15,-11.321548973768685,-0.4505376344086023,-17.15806451612903,-39,0
2010,139,3156,58,3323,86,H,0,15,52.16550168317089,0.5806451612903226,3.4193548387096775,2,65.33023580182756,0.84375,14.96875,13,-13.164734118656668,-0.2631048387096774,-11.549395161290322,-28,0
2010,139,3384,59,3326,93,N,0,15,47.9080732068815,0.5483870967741935,2.870967741935484,2,66.24498228035401,0.8823529411764706,16.352941176470587,13,-18.336909073472512,-0.33396584440227706,-13.481973434535103,-34,0
2010,139,3355,57,3328,68,H,0,14,56.72820915651574,0.6774193548387096,12,3,66.1366434375652,0.696969696969697,5.03030303030303,11,-9.408434281049459,-0.019550342130987386,6.96969696969697,-11,0
2010,139,3400,63,3361,74,A,0,6,62.76279009807752,0.6875,9.59375,11,58.81555551971325,0.6774193548387096,7.67741935483871,-5,3.9472345783642666,0.01008064516129037,1.91633064516129,-11,0
2010,139,3241,53,3396,65,N,0,9,58.62804674159491,0.8125,10.3125,8,59.5734503543126,0.75,7.09375,1,-0.9454036127176906,0.0625,3.21875,-12,0
2010,139,3301,54,3417,74,N,0,9,60.1154350195165,0.6060606060606061,2.363636363636364,8,61.99563073302769,0.75,10.75,1,-1.880195713511192,-0.14393939393939392,-8.386363636363637,-20,0
2010,139,3177,76,3435,83,N,1,11,60.733662216792254,0.65625,3.84375,6,63.187967967319395,0.6875,6.625,5,-2.4543057505271406,-0.03125,-2.78125,-7,0
2010,139,3458,55,3436,64,N,0,7,60.09715147595813,0.6774193548387096,6.548387096774194,10,56.82812916405737,0.8125,11.34375,-3,3.2690223119007555,-0.13508064516129037,-4.795362903225806,-9,0
2010,139,3249,43,3452,58,N,0,14,51.2734466394291,0.7741935483870968,7.290322580645161,3,63.64956737961184,0.8484848484848485,11.484848484848484,11,-12.376120740182735,-0.07429130009775176,-4.194525904203323,-15,0
2010,139,3438,67,3453,69,N,0,5,62.5864057407971,0.7,7.166666666666667,12,58.72692118347148,0.8666666666666667,15.833333333333334,-7,3.859484557325615,-0.16666666666666674,-8.666666666666668,-2,0
2010,139,3190,82,3462,94,H,0,14,52.97697388579353,0.7419354838709677,6.709677419354839,3,64.05841264085925,0.9,15.433333333333334,11,-11.081438755065719,-0.15806451612903227,-8.723655913978494,-12,0
2010,140,3207,33,3124,49,N,0,5,61.36269845597272,0.8,9.666666666666666,4,64.35748595214233,0.71875,15.25,1,-2.9947874961696073,0.08125000000000004,-5.583333333333334,-16,0
2010,140,3261,52,3181,60,H,0,7,62.59465780592905,0.6896551724137931,17.24137931034483,2,68.92094651749076,0.84375,16.53125,5,-6.326288711561709,-0.15409482758620685,0.7101293103448292,-8,0
2010,140,3385,65,3199,66,H,1,6,61.17742992348526,0.8,12.8,3,65.18070614430063,0.8387096774193549,15.32258064516129,3,-4.003276220815366,-0.038709677419354827,-2.5225806451612893,-1,0
2010,140,3329,71,3208,74,N,1,4,62.326572599908665,0.696969696969697,5.7272727272727275,5,60.82165915095063,0.7419354838709677,8.419354838709678,-1,1.5049134489580354,-0.04496578690127073,-2.6920821114369504,-3,0
2010,140,3401,71,3211,72,N,0,2,66.71816031280844,0.78125,15.1875,7,61.580859572008414,0.8709677419354839,23.29032258064516,-5,5.137300740800022,-0.08971774193548387,-8.10282258064516,-1,0
2010,140,3277,52,3246,70,H,0,5,62.73489417153124,0.7096774193548387,8.064516129032258,4,62.13318190846167,0.78125,15.78125,1,0.6017122630695653,-0.07157258064516125,-7.716733870967742,-18,0
2010,140,3234,67,3390,96,H,0,8,61.14357542648752,0.59375,3.34375,1,71.80230126940091,0.96875,23.15625,7,-10.658725842913391,-0.375,-19.8125,-29,0
2010,140,3173,64,3397,92,H,0,8,58.380778730272795,0.7741935483870968,12.935483870967742,1,70.09795858562595,0.9375,17.40625,7,-11.717179855353152,-0.16330645161290325,-4.470766129032258,-28,0
2010,141,3396,36,3163,90,N,0,8,59.5734503543126,0.75,7.09375,1,76.20002858599591,1,34.75757575757576,7,-16.62657823168331,-0.25,-27.663825757575758,-54,0
2010,141,3453,56,3235,60,H,0,12,58.72692118347148,0.8666666666666667,15.833333333333334,4,62.949399415067056,0.7586206896551724,12.482758620689657,8,-4.222478231595574,0.10804597701149432,3.3505747126436773,-4,0
2010,141,3326,67,3280,87,N,0,2,66.24498228035401,0.8823529411764706,16.352941176470587,7,60.15355468568838,0.6129032258064516,10.225806451612904,-5,6.091427594665632,0.26944971537001894,6.127134724857683,-20,0
2010,141,3417,70,3304,83,N,0,8,61.99563073302769,0.75,10.75,1,65.59724564214748,0.9666666666666668,18.9,7,-3.601614909119796,-0.21666666666666679,-8.149999999999999,-13,0
2010,141,3436,66,3323,84,H,0,10,56.82812916405737,0.8125,11.34375,2,65.33023580182756,0.84375,14.96875,8,-8.502106637770183,-0.03125,-3.625,-18,0
2010,141,3114,44,3328,60,H,0,11,58.27379761340453,0.8125,14.4375,3,66.1366434375652,0.696969696969697,5.03030303030303,8,-7.862845824160665,0.11553030303030298,9.407196969696969,-16,0
2010,141,3452,55,3361,64,N,0,3,63.64956737961184,0.8484848484848485,11.484848484848484,11,58.81555551971325,0.6774193548387096,7.67741935483871,-8,4.834011859898588,0.17106549364613888,3.8074291300097745,-9,0
2010,141,3435,62,3462,63,H,0,6,63.187967967319395,0.6875,6.625,3,64.05841264085925,0.9,15.433333333333334,3,-0.8704446735398506,-0.21250000000000002,-8.808333333333334,-1,0
2010,145,3397,62,3124,77,A,0,1,70.09795858562595,0.9375,17.40625,4,64.35748595214233,0.71875,15.25,-3,5.74047263348362,0.21875,2.15625,-15,0
2010,145,3361,58,3181,66,N,0,11,58.81555551971325,0.6774193548387096,7.67741935483871,2,68.92094651749076,0.84375,16.53125,9,-10.105390997777512,-0.16633064516129037,-8.85383064516129,-8,0
2010,145,3208,36,3390,73,H,0,5,60.82165915095063,0.7419354838709677,8.419354838709678,1,71.80230126940091,0.96875,23.15625,4,-10.980642118450284,-0.22681451612903225,-14.736895161290322,-37,0
2010,145,3211,56,3462,74,N,0,7,61.580859572008414,0.8709677419354839,23.29032258064516,3,64.05841264085925,0.9,15.433333333333334,4,-2.477553068850831,-0.029032258064516148,7.856989247311827,-18,0
2010,146,3235,36,3163,74,N,0,4,62.949399415067056,0.7586206896551724,12.482758620689657,1,76.20002858599591,1,34.75757575757576,3,-13.250629170928853,-0.24137931034482762,-22.2748171368861,-38,0
2010,146,3280,71,3199,74,N,0,7,60.15355468568838,0.6129032258064516,10.225806451612904,3,65.18070614430063,0.8387096774193549,15.32258064516129,4,-5.027151458612252,-0.22580645161290325,-5.096774193548386,-3,0
2010,146,3304,67,3246,76,N,0,1,65.59724564214748,0.9666666666666668,18.9,4,62.13318190846167,0.78125,15.78125,-3,3.464063733685812,0.18541666666666679,3.1187499999999986,-9,0
2010,146,3323,72,3328,77,N,1,2,65.33023580182756,0.84375,14.96875,3,66.1366434375652,0.696969696969697,5.03030303030303,-1,-0.8064076357376422,0.14678030303030298,9.938446969696969,-5,0
2010,147,3181,48,3124,51,N,0,2,68.92094651749076,0.84375,16.53125,4,64.35748595214233,0.71875,15.25,-2,4.563460565348436,0.125,1.28125,-3,0
2010,147,3462,53,3390,55,H,0,3,64.05841264085925,0.9,15.433333333333334,1,71.80230126940091,0.96875,23.15625,2,-7.743888628541669,-0.06874999999999998,-7.722916666666666,-2,0
2010,148,3199,50,3163,90,N,0,3,65.18070614430063,0.8387096774193549,15.32258064516129,1,76.20002858599591,1,34.75757575757576,2,-11.01932244169528,-0.16129032258064513,-19.43499511241447,-40,0
2010,148,3246,68,3328,88,N,0,4,62.13318190846167,0.78125,15.78125,3,66.1366434375652,0.696969696969697,5.03030303030303,1,-4.003461529103525,0.08428030303030298,10.750946969696969,-20,0
2010,153,3124,50,3163,70,N,0,4,64.35748595214233,0.71875,15.25,1,76.20002858599591,1,34.75757575757576,3,-11.842542633853583,-0.28125,-19.507575757575758,-20,0
2010,153,3328,66,3390,73,N,0,3,66.1366434375652,0.696969696969697,5.03030303030303,1,71.80230126940091,0.96875,23.15625,2,-5.665657831835716,-0.271780303030303,-18.12594696969697,-7,0
2010,155,3390,47,3163,53,N,0,1,71.80230126940091,0.96875,23.15625,1,76.20002858599591,1,34.75757575757576,0,-4.397727316594995,-0.03125,-11.601325757575758,-6,0
2011,138,3298,43,3177,56,N,0,14,48.69834985302866,0.6451612903225806,4.516129032258065,3,63.88695579365772,0.8181818181818182,14.606060606060606,11,-15.18860594062906,-0.1730205278592376,-10.089931573802541,-13,0
2011,138,3404,45,3181,90,H,0,15,49.27470317144899,0.6774193548387096,5.387096774193548,2,69.8965952483578,0.90625,16.03125,13,-20.621892076908807,-0.22883064516129037,-10.644153225806452,-45,0
2011,138,3132,58,3210,69,N,0,12,59.03447102000963,0.875,15.15625,5,62.533047979952705,0.696969696969697,9.757575757575758,7,-3.4985769599430725,0.17803030303030298,5.398674242424242,-11,0
2011,138,3234,86,3211,92,H,0,6,62.07945969741595,0.7333333333333333,7.5,11,62.58643604656757,0.8709677419354839,23.580645161290324,-5,-0.5069763491516213,-0.1376344086021506,-16.080645161290324,-6,0
2011,138,3214,62,3246,66,N,1,13,52.60617628137476,0.8064516129032258,12.548387096774194,4,64.15009219303312,0.75,9.46875,9,-11.54391591165836,0.056451612903225756,3.079637096774194,-4,0
2011,138,3235,64,3265,74,N,0,7,61.96182387978739,0.6875,10.875,10,60.362496660794974,0.9375,18.34375,-3,1.5993272189924141,-0.25,-7.46875,-10,0
2011,138,3400,65,3266,68,N,0,9,61.45149250597974,0.59375,8.125,8,60.35333364302022,0.7419354838709677,7.451612903225806,1,1.0981588629595223,-0.14818548387096775,0.673387096774194,-3,0
2011,138,3201,68,3314,82,N,0,12,58.543438902375264,0.78125,11.15625,5,63.7502423724577,0.7647058823529411,17.029411764705884,7,-5.206803470082434,0.016544117647058876,-5.873161764705884,-14,0
2011,138,3428,54,3323,67,A,0,15,55.55029589739407,0.5,0.4375,2,66.38274010511338,0.7878787878787878,22.515151515151516,13,-10.832444207719313,-0.28787878787878785,-22.077651515151516,-13,0
2011,138,3416,69,3326,80,H,0,13,55.43175914648846,0.6774193548387096,6.516129032258065,4,65.30065430869635,0.7096774193548387,9,9,-9.868895162207892,-0.032258064516129115,-2.483870967741935,-11,0
2011,138,3173,66,3336,75,H,0,11,59.09547731678666,0.65625,7.59375,6,60.87507033312039,0.7272727272727273,9.666666666666666,5,-1.7795930163337275,-0.07102272727272729,-2.072916666666666,-9,0
2011,138,3403,50,3385,55,N,0,8,61.26183612308722,0.6875,8.9375,9,60.72750401774368,0.6774193548387096,6.129032258064516,-1,0.5343321053435446,0.01008064516129037,2.808467741935484,-5,0
2011,138,3413,59,3390,86,H,0,16,52.933360893626016,0.75,9.375,1,72.83954604342854,0.935483870967742,25.06451612903226,15,-19.906185149802525,-0.185483870967742,-15.68951612903226,-27,0
2011,138,3113,45,3396,63,N,0,7,60.15531231447614,0.6666666666666666,2.566666666666667,10,60.5678741612542,0.7419354838709677,12.258064516129032,-3,-0.4125618467780612,-0.07526881720430112,-9.691397849462366,-18,0
2011,138,3391,34,3397,99,H,0,16,46.87974525331367,0.6129032258064516,1.5806451612903225,1,71.07202212842546,0.9393939393939394,23.545454545454547,15,-24.192276875111787,-0.3264907135874878,-21.964809384164223,-65,0
2011,138,3285,47,3417,55,N,0,14,51.09145290455343,0.5483870967741935,0.5483870967741935,3,65.26874899984973,0.8709677419354839,11.161290322580646,11,-14.177296095296306,-0.32258064516129037,-10.612903225806452,-8,0
2011,139,3341,30,3124,66,H,0,16,47.58997593891737,0.65625,3.625,1,70.36154087936761,0.9393939393939394,26.363636363636363,15,-22.77156494045024,-0.28314393939393945,-22.738636363636363,-36,0
2011,139,3216,39,3163,75,H,0,16,53.198203061196914,0.53125,0.3125,1,77.08933620223313,0.9696969696969696,27.727272727272727,15,-23.891133141036214,-0.4384469696969696,-27.414772727272727,-36,0
2011,139,3359,46,3199,76,N,0,14,54.54566203110578,0.7741935483870968,7.354838709677419,3,64.7615042724122,0.7666666666666667,9.166666666666666,11,-10.215842241306419,0.007526881720430034,-1.811827956989247,-30,0
2011,139,3343,49,3207,65,N,0,12,55.97469298335992,0.8571428571428571,18.571428571428573,5,61.551165240087585,0.6774193548387096,6.225806451612903,7,-5.576472256727662,0.17972350230414746,12.345622119815669,-16,0
2011,139,3292,41,3208,56,N,0,11,59.26087737022028,0.7666666666666667,9.3,6,60.82268406963571,0.6774193548387096,6.290322580645161,5,-1.5618066994154347,0.08924731182795709,3.0096774193548397,-15,0
2011,139,3435,62,3257,81,N,0,10,61.524199012302994,0.6451612903225806,8,7,60.17409397781049,0.625,11.25,3,1.3501050344925005,0.020161290322580627,-3.25,-19,0
2011,139,3384,48,3268,70,H,0,13,51.22128534428164,0.6666666666666666,2.4242424242424243,4,63.328329009369426,0.7666666666666667,14.433333333333334,9,-12.107043665087787,-0.10000000000000009,-12.00909090909091,-22,0
2011,139,3205,62,3274,80,N,0,14,51.16063764564523,0.6666666666666666,4.7,3,62.8411077439324,0.8709677419354839,17.838709677419356,11,-11.680470098287167,-0.20430107526881724,-13.138709677419357,-18,0
2011,139,3320,66,3277,69,N,0,13,59.02035958234985,0.84375,15.40625,4,64.35388677058347,0.8387096774193549,13.03225806451613,9,-5.333527188233624,0.005040322580645129,2.37399193548387,-3,0
2011,139,3241,72,3328,86,N,0,11,59.29754403869165,0.7878787878787878,8.93939393939394,6,64.23688346075166,0.65625,9.375,5,-4.939339422060009,0.13162878787878785,-0.43560606060606055,-14,0
2011,139,3243,45,3345,53,N,0,8,61.34697060768096,0.6774193548387096,5.032258064516129,9,59.907250226954424,0.6451612903225806,6.612903225806452,-1,1.4397203807265342,0.032258064516129004,-1.580645161290323,-8,0
2011,139,3256,51,3353,76,N,0,10,57.82507005197893,0.7741935483870968,9.64516129032258,7,61.828738364028865,0.6,3.466666666666667,3,-4.003668312049932,0.17419354838709677,6.178494623655913,-25,0
2011,139,3270,47,3401,87,N,0,15,49.031932883559406,0.7857142857142857,7.857142857142857,2,67.69062364189641,0.84375,20.375,13,-18.658690758337002,-0.0580357142857143,-12.517857142857142,-40,0
2011,139,3222,73,3452,79,A,0,8,58.02302797942764,0.8387096774193549,8.67741935483871,9,61.162358093855,0.71875,13.5,-1,-3.1393301144273593,0.11995967741935487,-4.82258064516129,-6,0
2011,139,3114,55,3453,59,N,0,12,57.95881795452191,0.7666666666666667,6.3,5,61.93685304450481,0.9696969696969696,22.75757575757576,7,-3.978035089982896,-0.2030303030303029,-16.45757575757576,-4,0
2011,139,3355,56,3462,72,H,0,15,53.54803597140548,0.59375,7.03125,2,67.00585020281481,0.9333333333333332,18.8,13,-13.45781423140933,-0.33958333333333324,-11.76875,-16,0
2011,140,3336,73,3177,75,A,0,6,60.87507033312039,0.7272727272727273,9.666666666666666,3,63.88695579365772,0.8181818181818182,14.606060606060606,3,-3.0118854605373286,-0.09090909090909094,-4.9393939393939394,-2,0
2011,140,3265,66,3181,71,H,0,10,60.362496660794974,0.9375,18.34375,2,69.8965952483578,0.90625,16.03125,8,-9.534098587562823,0.03125,2.3125,-5,0
2011,140,3417,75,3211,89,H,0,3,65.26874899984973,0.8709677419354839,11.161290322580646,11,62.58643604656757,0.8709677419354839,23.580645161290324,-8,2.682312953282164,0,-12.419354838709678,-14,0
2011,140,3246,74,3314,86,N,0,4,64.15009219303312,0.75,9.46875,5,63.7502423724577,0.7647058823529411,17.029411764705884,-1,0.39984982057541885,-0.014705882352941124,-7.560661764705884,-12,0
2011,140,3396,64,3323,77,N,0,10,60.5678741612542,0.7419354838709677,12.258064516129032,2,66.38274010511338,0.7878787878787878,22.515151515151516,8,-5.814865943859182,-0.045943304007820096,-10.257086999022484,-13,0
2011,140,3210,60,3326,67,H,0,5,62.533047979952705,0.696969696969697,9.757575757575758,4,65.30065430869635,0.7096774193548387,9,1,-2.7676063287436463,-0.012707722385141729,0.7575757575757578,-7,0
2011,140,3385,49,3390,75,H,0,9,60.72750401774368,0.6774193548387096,6.129032258064516,1,72.83954604342854,0.935483870967742,25.06451612903226,8,-12.112042025684865,-0.25806451612903236,-18.935483870967744,-26,0
2011,140,3266,70,3397,79,H,0,8,60.35333364302022,0.7419354838709677,7.451612903225806,1,71.07202212842546,0.9393939393939394,23.545454545454547,7,-10.718688485405238,-0.1974584555229717,-16.09384164222874,-9,0
2011,141,3452,68,3124,82,H,0,9,61.162358093855,0.71875,13.5,1,70.36154087936761,0.9393939393939394,26.363636363636363,8,-9.199182785512612,-0.22064393939393945,-12.863636363636363,-14,0
2011,141,3345,40,3163,64,H,0,9,59.907250226954424,0.6451612903225806,6.612903225806452,1,77.08933620223313,0.9696969696969696,27.727272727272727,8,-17.182085975278703,-0.324535679374389,-21.114369501466275,-24,0
2011,141,3268,57,3207,79,A,0,4,63.328329009369426,0.7666666666666667,14.433333333333334,5,61.551165240087585,0.6774193548387096,6.225806451612903,-1,1.7771637692818416,0.08924731182795709,8.20752688172043,-22,0
2011,141,3199,59,3208,61,N,0,3,64.7615042724122,0.7666666666666667,9.166666666666666,6,60.82268406963571,0.6774193548387096,6.290322580645161,-3,3.9388202027764834,0.08924731182795709,2.876344086021505,-2,0
2011,141,3462,75,3257,85,A,0,2,67.00585020281481,0.9333333333333332,18.8,7,60.17409397781049,0.625,11.25,-5,6.83175622500432,0.30833333333333324,7.550000000000001,-10,0
2011,141,3274,83,3328,88,N,0,3,62.8411077439324,0.8709677419354839,17.838709677419356,6,64.23688346075166,0.65625,9.375,-3,-1.3957757168192586,0.21471774193548387,8.463709677419356,-5,0
2011,141,3353,48,3401,70,N,0,7,61.828738364028865,0.6,3.466666666666667,2,67.69062364189641,0.84375,20.375,5,-5.861885277867543,-0.24375000000000002,-16.90833333333333,-22,0
2011,141,3277,56,3453,65,N,0,4,64.35388677058347,0.8387096774193549,13.03225806451613,5,61.93685304450481,0.9696969696969696,22.75757575757576,-1,2.417033726078664,-0.13098729227761474,-9.725317693059631,-9,0
2011,145,3257,69,3211,76,N,0,7,60.17409397781049,0.625,11.25,11,62.58643604656757,0.8709677419354839,23.580645161290324,-4,-2.412342068757077,-0.24596774193548387,-12.330645161290324,-7,0
2011,145,3328,53,3323,78,N,0,6,64.23688346075166,0.65625,9.375,2,66.38274010511338,0.7878787878787878,22.515151515151516,4,-2.1458566443617286,-0.13162878787878785,-13.140151515151516,-25,0
2011,145,3314,65,3390,72,N,0,5,63.7502423724577,0.7647058823529411,17.029411764705884,1,72.83954604342854,0.935483870967742,25.06451612903226,4,-9.089303670970843,-0.17077798861480087,-8.035104364326376,-7,0
2011,145,3326,75,3397,85,N,0,4,65.30065430869635,0.7096774193548387,9,1,71.07202212842546,0.9393939393939394,23.545454545454547,3,-5.771367819729107,-0.2297165200391007,-14.545454545454547,-10,0
2011,146,3453,76,3124,86,H,0,5,61.93685304450481,0.9696969696969696,22.75757575757576,1,70.36154087936761,0.9393939393939394,26.363636363636363,4,-8.424687834862802,0.030303030303030165,-3.606060606060602,-10,0
2011,146,3207,63,3163,68,N,0,5,61.551165240087585,0.6774193548387096,6.225806451612903,1,77.08933620223313,0.9696969696969696,27.727272727272727,4,-15.538170962145543,-0.29227761485826,-21.501466275659823,-5,0
2011,146,3177,63,3181,70,N,0,3,63.88695579365772,0.8181818181818182,14.606060606060606,2,69.8965952483578,0.90625,16.03125,1,-6.009639454700078,-0.08806818181818177,-1.4251893939393945,-7,0
2011,146,3208,38,3401,79,H,0,6,60.82268406963571,0.6774193548387096,6.290322580645161,2,67.69062364189641,0.84375,20.375,4,-6.8679395722606955,-0.16633064516129037,-14.08467741935484,-41,0
2011,147,3397,59,3323,73,N,0,1,71.07202212842546,0.9393939393939394,23.545454545454547,2,66.38274010511338,0.7878787878787878,22.515151515151516,-1,4.6892820233120744,0.1515151515151516,1.0303030303030312,-14,0
2011,147,3211,60,3390,83,N,0,11,62.58643604656757,0.8709677419354839,23.580645161290324,1,72.83954604342854,0.935483870967742,25.06451612903226,10,-10.253109996860971,-0.06451612903225812,-1.483870967741936,-23,0
2011,148,3181,40,3163,75,N,0,2,69.8965952483578,0.90625,16.03125,1,77.08933620223313,0.9696969696969696,27.727272727272727,1,-7.1927409538753295,-0.06344696969696961,-11.696022727272727,-35,0
2011,148,3124,46,3401,58,A,0,1,70.36154087936761,0.9393939393939394,26.363636363636363,2,67.69062364189641,0.84375,20.375,-1,2.670917237471201,0.09564393939393945,5.988636363636363,-12,0
2011,153,3163,63,3323,72,N,0,1,77.08933620223313,0.9696969696969696,27.727272727272727,2,66.38274010511338,0.7878787878787878,22.515151515151516,-1,10.706596097119743,0.18181818181818177,5.212121212121211,-9,0
2011,153,3390,62,3401,63,N,0,1,72.83954604342854,0.935483870967742,25.06451612903226,2,67.69062364189641,0.84375,20.375,-1,5.148922401532133,0.09173387096774199,4.68951612903226,-1,0
2011,155,3323,70,3401,76,N,0,2,66.38274010511338,0.7878787878787878,22.515151515151516,2,67.69062364189641,0.84375,20.375,0,-1.3078835367830237,-0.055871212121212155,2.1401515151515156,-6,0
2012,138,3173,55,3116,72,N,0,11,61.27990271986527,0.7931034482758621,11,6,60.86959035922354,0.7419354838709677,9.903225806451612,5,0.4103123606417327,0.05116796440489435,1.096774193548388,-17,0
2012,138,3341,47,3163,83,H,0,16,46.61067522956754,0.5161290322580645,-0.5483870967741935,1,74.72740327360448,0.8787878787878788,30.575757575757574,15,-28.11672804403694,-0.3626588465298143,-31.124144672531767,-36,0
2012,138,3140,55,3177,59,N,0,10,60.22755565516804,0.8064516129032258,13.32258064516129,7,62.744355617835545,0.6875,7,3,-2.5167999626675055,0.11895161290322576,6.32258064516129,-4,0
2012,138,3353,73,3211,86,H,0,6,62.81380910290804,0.7096774193548387,6.064516129032258,11,62.85697421704615,0.8387096774193549,13.64516129032258,-5,-0.043165114138112415,-0.12903225806451613,-7.580645161290322,-13,0
2012,138,3343,64,3243,67,N,0,9,57.797044439963685,0.8571428571428571,19.5,8,61.656012740772056,0.59375,1.09375,1,-3.858968300808371,0.2633928571428571,18.40625,-3,0
2012,138,3270,62,3246,68,N,0,15,52.01544425518037,0.7666666666666667,9.233333333333333,2,64.60153847363178,0.8,15.4,13,-12.586094218451407,-0.033333333333333326,-6.166666666666668,-6,0
2012,138,3277,55,3257,67,N,0,10,61.33509514741709,0.6451612903225806,7.741935483870968,7,62.3389756168628,0.7096774193548387,8.096774193548388,3,-1.0038804694457042,-0.06451612903225812,-0.35483870967741993,-12,0
2012,138,3298,44,3268,59,H,0,15,48.025046675071515,0.5806451612903226,3.4838709677419355,2,66.3410385443657,0.875,18.5625,13,-18.315991869294187,-0.2943548387096774,-15.078629032258064,-15,0
2012,138,3226,41,3274,70,N,0,14,53.170281751375725,0.7586206896551724,3.655172413793104,3,64.88447517073509,0.8275862068965517,19.448275862068964,11,-11.714193419359361,-0.06896551724137934,-15.793103448275861,-29,0
2012,138,3355,68,3345,83,H,0,13,55.43196180562171,0.7419354838709677,9.516129032258064,4,62.900568674308865,0.75,6.875,9,-7.468606868687154,-0.008064516129032251,2.641129032258064,-15,0
2012,138,3185,48,3376,80,N,0,12,55.57516036537156,0.7333333333333333,10.066666666666666,5,62.01111076294583,0.71875,9.875,7,-6.435950397574274,0.014583333333333282,0.19166666666666643,-32,0
2012,138,3214,51,3390,73,N,0,16,55.20998764618452,0.8666666666666667,18.9,1,73.52355117156077,0.96875,22.21875,15,-18.313563525376246,-0.1020833333333333,-3.3187500000000014,-22,0
2012,138,3404,49,3397,72,N,0,15,51.612751698969745,0.7419354838709677,12.161290322580646,2,68.16278090787878,0.75,14.65625,13,-16.550029208909038,-0.008064516129032251,-2.494959677419354,-23,0
2012,138,3107,47,3401,69,H,0,14,51.570372024888414,0.71875,5.8125,3,67.00008713590333,0.6875,7.96875,11,-15.429715111014914,0.03125,-2.15625,-22,0
2012,138,3400,55,3452,68,N,0,9,61.66564414384495,0.5806451612903226,5.161290322580645,8,62.695582265948545,0.71875,12.625,1,-1.0299381221035944,-0.13810483870967738,-7.463709677419355,-13,0
2012,138,3235,57,3453,71,A,0,10,61.92591818099985,0.6,6.1,7,63.923992862127335,0.967741935483871,20.096774193548388,3,-1.998074681127484,-0.367741935483871,-13.996774193548388,-14,0
2012,139,3364,40,3124,81,N,0,16,50.30468273359932,0.53125,1.96875,1,73.89627768723274,1,27.264705882352946,15,-23.591594953633418,-0.46875,-25.295955882352946,-41,0
2012,139,3234,74,3143,84,N,0,9,61.215294161881296,0.6333333333333333,6,8,61.3726175303491,0.7272727272727273,9.151515151515152,1,-0.15732336846780726,-0.09393939393939399,-3.1515151515151523,-10,0
2012,139,3114,42,3174,73,N,0,14,55.45349586318376,0.625,2.46875,3,61.00111155739275,0.967741935483871,16.838709677419356,11,-5.547615694208986,-0.342741935483871,-14.369959677419356,-31,0
2012,139,3359,47,3181,82,N,0,15,52.97956704618574,0.625,3.625,2,68.76390707071998,0.8275862068965517,19.58620689655172,13,-15.784340024534238,-0.2025862068965517,-15.961206896551719,-35,0
2012,139,3326,65,3196,70,N,0,8,63.722068463381646,0.8064516129032258,12.483870967741936,9,59.87771708108909,0.6129032258064516,7.645161290322581,-1,3.844351382292558,0.19354838709677413,4.838709677419355,-5,0
2012,139,3201,56,3207,61,N,0,12,59.019344537741034,0.8484848484848485,13.272727272727272,5,63.049987760293654,0.7333333333333333,8.3,7,-4.030643222552619,0.11515151515151523,4.972727272727271,-5,0
2012,139,3357,50,3210,76,N,0,13,52.158304431515134,0.78125,7.90625,4,63.7170763708352,0.75,11.71875,9,-11.558771939320067,0.03125,-3.8125,-26,0
2012,139,3304,49,3242,57,N,0,6,61.08872557030719,0.75,10.15625,11,60.313648020297464,0.6129032258064516,5.67741935483871,-5,0.7750775500097262,0.13709677419354838,4.47883064516129,-8,0
2012,139,3361,56,3261,64,N,0,12,55.998835174706514,0.8064516129032258,11.451612903225806,5,62.48723037255737,0.6875,8.625,7,-6.488395197850856,0.11895161290322576,2.826612903225806,-8,0
2012,139,3208,70,3265,76,N,0,4,62.576579500093366,0.7333333333333333,11.033333333333331,13,58.02101046384155,0.78125,9.78125,-9,4.555569036251818,-0.04791666666666672,1.2520833333333314,-6,0
2012,139,3251,43,3323,74,N,0,16,52.91636642852327,0.7241379310344828,10.827586206896552,1,71.1774400532596,0.9090909090909092,27.515151515151516,15,-18.261073624736333,-0.1849529780564264,-16.687565308254964,-31,0
2012,139,3276,67,3328,88,N,0,11,59.02267488721817,0.6451612903225806,5.32258064516129,6,63.780000357442226,0.625,4.8125,5,-4.757325470224053,0.020161290322580627,0.51008064516129,-21,0
2012,139,3431,77,3336,85,N,0,13,57.12342315633832,0.90625,14.03125,4,63.38905289375946,0.8,14.566666666666666,9,-6.265629737421143,0.10624999999999996,-0.5354166666666664,-8,0
2012,139,3195,65,3382,72,N,1,12,57.14423660079661,0.9333333333333332,20.2,5,61.02000970149478,0.90625,11.375,7,-3.8757731006981686,0.027083333333333237,8.825,-7,0
2012,139,3166,67,3385,69,N,0,14,56.10110275398024,0.625,3.90625,3,64.2357399178115,0.7096774193548387,6.290322580645161,11,-8.134637163831258,-0.08467741935483875,-2.384072580645161,-2,0
2012,139,3292,46,3435,60,N,0,10,60.03102550190534,0.8125,9.625,7,61.66444535444787,0.7096774193548387,11.03225806451613,3,-1.6334198525425307,0.10282258064516125,-1.40725806451613,-14,0
2012,140,3243,26,3163,72,N,0,8,61.656012740772056,0.59375,1.09375,1,74.72740327360448,0.8787878787878788,30.575757575757574,7,-13.071390532832424,-0.2850378787878788,-29.482007575757574,-46,0
2012,140,3274,54,3211,65,N,0,3,64.88447517073509,0.8275862068965517,19.448275862068964,11,62.85697421704615,0.8387096774193549,13.64516129032258,-8,2.0275009536889357,-0.011123470522803158,5.803114571746384,-11,0
2012,140,3453,62,3246,65,N,0,7,63.923992862127335,0.967741935483871,20.096774193548388,2,64.60153847363178,0.8,15.4,5,-0.677545611504442,0.16774193548387095,4.6967741935483875,-3,0
2012,140,3257,68,3268,72,N,0,7,62.3389756168628,0.7096774193548387,8.096774193548388,2,66.3410385443657,0.875,18.5625,5,-4.002062927502905,-0.16532258064516125,-10.465725806451612,-4,0
2012,140,3345,61,3376,72,N,0,4,62.900568674308865,0.75,6.875,5,62.01111076294583,0.71875,9.875,-1,0.8894579113630314,0.03125,-3,-11,0
2012,140,3452,55,3390,72,N,0,8,62.695582265948545,0.71875,12.625,1,73.52355117156077,0.96875,22.21875,7,-10.827968905612224,-0.25,-9.59375,-17,0
2012,140,3177,48,3397,63,N,0,7,62.744355617835545,0.6875,7,2,68.16278090787878,0.75,14.65625,5,-5.418425290043238,-0.0625,-7.65625,-15,0
2012,140,3116,59,3401,61,N,0,6,60.86959035922354,0.7419354838709677,9.903225806451612,3,67.00008713590333,0.6875,7.96875,3,-6.1304967766797915,0.05443548387096775,1.934475806451612,-2,0
2012,141,3196,57,3124,76,N,0,9,59.87771708108909,0.6129032258064516,7.645161290322581,1,73.89627768723274,1,27.264705882352946,8,-14.018560606143652,-0.3870967741935484,-19.619544592030365,-19,0
2012,141,3435,80,3181,96,N,0,7,61.66444535444787,0.7096774193548387,11.03225806451613,2,68.76390707071998,0.8275862068965517,19.58620689655172,5,-7.09946171627211,-0.11790878754171297,-8.553948832035589,-16,0
2012,141,3207,64,3210,76,N,0,5,63.049987760293654,0.7333333333333333,8.3,4,63.7170763708352,0.75,11.71875,1,-0.6670886105415477,-0.01666666666666672,-3.4187499999999993,-12,0
2012,141,3174,64,3242,70,N,0,3,61.00111155739275,0.967741935483871,16.838709677419356,11,60.313648020297464,0.6129032258064516,5.67741935483871,-8,0.6874635370952831,0.3548387096774194,11.161290322580646,-6,0
2012,141,3143,62,3323,73,N,0,8,61.3726175303491,0.7272727272727273,9.151515151515152,1,71.1774400532596,0.9090909090909092,27.515151515151516,7,-9.804822522910499,-0.18181818181818188,-18.363636363636363,-11,0
2012,141,3261,80,3336,90,N,0,5,62.48723037255737,0.6875,8.625,4,63.38905289375946,0.8,14.566666666666666,1,-0.9018225212020923,-0.11250000000000004,-5.941666666666666,-10,0
2012,141,3265,63,3382,66,N,0,13,58.02101046384155,0.78125,9.78125,5,61.02000970149478,0.90625,11.375,8,-2.99899923765323,-0.125,-1.59375,-3,0
2012,141,3328,70,3385,74,N,0,6,63.780000357442226,0.625,4.8125,3,64.2357399178115,0.7096774193548387,6.290322580645161,3,-0.455739560369274,-0.08467741935483875,-1.477822580645161,-4,0
2012,145,3210,68,3124,83,N,0,4,63.7170763708352,0.75,11.71875,1,73.89627768723274,1,27.264705882352946,3,-10.179201316397538,-0.25,-15.545955882352946,-15,0
2012,145,3385,47,3181,74,N,0,3,64.2357399178115,0.7096774193548387,6.290322580645161,2,68.76390707071998,0.8275862068965517,19.58620689655172,1,-4.52816715290848,-0.11790878754171297,-13.295884315906559,-27,0
2012,145,3376,60,3390,76,N,0,5,62.01111076294583,0.71875,9.875,1,73.52355117156077,0.96875,22.21875,4,-11.512440408614935,-0.25,-12.34375,-16,0
2012,145,3242,73,3397,84,N,0,11,60.313648020297464,0.6129032258064516,5.67741935483871,2,68.16278090787878,0.75,14.65625,9,-7.8491328875813196,-0.13709677419354838,-8.97883064516129,-11,0
2012,146,3336,59,3163,77,N,0,4,63.38905289375946,0.8,14.566666666666666,1,74.72740327360448,0.8787878787878788,30.575757575757574,3,-11.338350379845018,-0.07878787878787874,-16.009090909090908,-18,0
2012,146,3211,62,3246,79,N,0,11,62.85697421704615,0.8387096774193549,13.64516129032258,2,64.60153847363178,0.8,15.4,9,-1.744564256585626,0.038709677419354827,-1.7548387096774203,-17,0
2012,146,3401,74,3268,81,N,0,3,67.00008713590333,0.6875,7.96875,2,66.3410385443657,0.875,18.5625,1,0.6590485915376263,-0.1875,-10.59375,-7,0
2012,146,3382,35,3323,79,N,0,5,61.02000970149478,0.90625,11.375,1,71.1774400532596,0.9090909090909092,27.515151515151516,4,-10.157430351764823,-0.0028409090909091717,-16.140151515151516,-44,0
2012,147,3397,58,3124,77,N,0,2,68.16278090787878,0.75,14.65625,1,73.89627768723274,1,27.264705882352946,1,-5.733496779353956,-0.25,-12.608455882352946,-19,0
2012,147,3181,69,3390,81,N,0,2,68.76390707071998,0.8275862068965517,19.58620689655172,1,73.52355117156077,0.96875,22.21875,1,-4.759644100840788,-0.1411637931034483,-2.632543103448281,-12,0
2012,148,3246,65,3163,80,N,0,2,64.60153847363178,0.8,15.4,1,74.72740327360448,0.8787878787878788,30.575757575757574,1,-10.125864799972703,-0.07878787878787874,-15.175757575757574,-15,0
2012,148,3268,49,3323,80,N,0,2,66.3410385443657,0.875,18.5625,1,71.1774400532596,0.9090909090909092,27.515151515151516,1,-4.8364015088939,-0.03409090909090917,-8.952651515151516,-31,0
2012,153,3390,47,3124,59,N,0,1,73.52355117156077,0.96875,22.21875,1,73.89627768723274,1,27.264705882352946,0,-0.372726515671971,-0.03125,-5.045955882352946,-12,0
2012,153,3163,75,3323,83,N,1,1,74.72740327360448,0.8787878787878788,30.575757575757574,1,71.1774400532596,0.9090909090909092,27.515151515151516,0,3.5499632203448783,-0.030303030303030387,3.0606060606060588,-8,0
2012,155,3323,61,3124,80,N,0,1,71.1774400532596,0.9090909090909092,27.515151515151516,1,73.89627768723274,1,27.264705882352946,0,-2.7188376339731377,-0.09090909090909083,0.25044563279857,-19,0
2013,138,3201,76,3143,90,N,0,15,57.3424512311147,0.7419354838709677,6.903225806451613,2,65.58756153793824,0.9032258064516128,14.741935483870968,13,-8.245110306823541,-0.16129032258064502,-7.838709677419355,-14,0
2013,138,3225,37,3163,105,H,0,16,49.82836301965602,0.53125,0.03125,1,73.76490063685208,0.8787878787878788,32.36363636363637,15,-23.93653761719606,-0.3475378787878788,-32.33238636363637,-68,0
2013,138,3393,56,3166,61,N,0,7,62.03522718113853,0.7741935483870968,15.193548387096774,10,57.87957047315955,0.7741935483870968,7.709677419354839,-3,4.155656707978977,0,7.483870967741935,-5,0
2013,138,3285,50,3208,70,N,0,13,53.42783399156068,0.7666666666666667,9.533333333333331,4,63.969422806653114,0.8064516129032258,13.258064516129032,9,-10.541588815092432,-0.03978494623655904,-3.7247311827957006,-20,0
2013,138,3211,60,3235,72,N,0,12,63.23137041672461,0.84375,15.125,5,64.15378381864687,0.7419354838709677,10.129032258064516,7,-0.9224134019222632,0.10181451612903225,4.995967741935484,-12,0
2013,138,3160,52,3242,67,A,0,5,61.13188590531077,0.8064516129032258,11.35483870967742,12,60.17817538665712,0.5666666666666667,1.8,-7,0.9537105186536508,0.2397849462365591,9.55483870967742,-15,0
2013,138,3346,52,3268,72,H,0,13,55.66380443154645,0.9375,14.1875,4,65.81167331334773,0.7741935483870968,19.35483870967742,9,-10.147868881801273,0.16330645161290325,-5.16733870967742,-20,0
2013,138,3265,47,3277,55,N,0,12,58.6433294943457,0.8125,12.1875,5,62.385132203160715,0.75,10.6875,7,-3.7418027088150154,0.0625,1.5,-8,0
2013,138,3151,59,3304,73,N,0,11,57.22271186224312,0.90625,14.53125,6,62.96687556487001,0.7419354838709677,8.225806451612904,5,-5.744163702626885,0.16431451612903225,6.305443548387096,-14,0
2013,138,3141,73,3328,78,N,0,11,55.94406702031142,0.65625,9.625,6,63.25992408531128,0.6875,6.5,5,-7.315857064999861,-0.03125,3.125,-5,0
2013,138,3355,52,3376,74,N,0,13,56.744907728245565,0.78125,8.0625,4,63.549386075029126,0.7741935483870968,11.225806451612904,9,-6.8044783467835614,0.007056451612903247,-3.163306451612904,-22,0
2013,138,3403,70,3378,71,A,0,7,61.61260535471448,0.6774193548387096,6.709677419354839,10,59.51602298042307,0.6774193548387096,9.935483870967742,-3,2.0965823742914154,0,-3.225806451612903,-1,0
2013,138,3331,62,3397,83,H,0,15,51.87299542590949,0.5862068965517241,5.793103448275862,2,67.768442292527,0.7741935483870968,14.064516129032258,13,-15.895446866617512,-0.18798665183537266,-8.271412680756395,-21,0
2013,138,3455,45,3401,71,H,0,14,57.03879199099506,0.7272727272727273,6.7272727272727275,3,66.7209670997125,0.7272727272727273,12.393939393939394,11,-9.682175108717438,0,-5.666666666666667,-26,0
2013,138,3391,49,3417,66,N,0,14,51.28634991770742,0.7419354838709677,10.225806451612904,3,63.529974282922616,0.78125,7.4375,11,-12.243624365215197,-0.03931451612903225,2.788306451612904,-17,0
2013,138,3386,54,3435,60,N,0,9,59.09058230174183,0.7419354838709677,9.806451612903226,8,62.0039555320278,0.6451612903225806,8.419354838709678,1,-2.91337323028597,0.09677419354838712,1.387096774193548,-6,0
2013,139,3341,40,3124,82,H,0,16,46.27187485944546,0.5483870967741935,2.064516129032258,1,76.39505859204498,0.9696969696969696,27.09090909090909,15,-30.123183732599514,-0.4213098729227761,-25.02639296187683,-42,0
2013,139,3385,90,3173,96,A,2,10,61.77990499434994,0.6,5.1,7,62.776538071184014,0.9310344827586208,18.20689655172414,3,-0.9966330768340725,-0.3310344827586208,-13.10689655172414,-6,0
2013,139,3452,53,3174,66,H,0,11,61.53460995553416,0.5666666666666667,3.6,6,63.521922503385206,0.9090909090909092,15.636363636363637,5,-1.9873125478510474,-0.3424242424242425,-12.036363636363637,-13,0
2013,139,3214,51,3181,67,H,0,15,56.733691098838115,0.8484848484848485,17.333333333333332,2,70.79443867355702,0.9375,22.53125,13,-14.06074757471891,-0.08901515151515149,-5.197916666666668,-16,0
2013,139,3343,44,3199,60,N,0,9,57.69629557820706,0.7857142857142857,19.428571428571427,8,61.43822790852315,0.7096774193548387,11.161290322580646,1,-3.7419323303160965,0.07603686635944695,8.267281105990781,-16,0
2013,139,3274,53,3234,69,H,0,8,62.46121299768543,0.6774193548387096,6.483870967741935,9,60.41586394957433,0.625,5.4375,-1,2.045349048111099,0.05241935483870963,1.046370967741935,-16,0
2013,139,3298,41,3246,61,N,0,15,49.92785029657967,0.65625,6.8125,2,67.34217117227324,0.84375,19.34375,13,-17.41432087569357,-0.1875,-12.53125,-20,0
2013,139,3292,49,3257,74,H,0,12,58.67237758685594,0.78125,10.90625,5,63.50541526562622,0.75,14.96875,7,-4.833037678770282,0.03125,-4.0625,-25,0
2013,139,3453,71,3261,75,H,0,11,63.86868647144776,0.9333333333333332,19.9,6,62.608367794112,0.6451612903225806,5.741935483870968,5,1.2603186773357606,0.2881720430107526,14.15806451612903,-4,0
2013,139,3437,52,3276,60,N,0,9,59.35685166791555,0.6774193548387096,7.290322580645161,8,59.91723457655546,0.6774193548387096,5.806451612903226,1,-0.5603829086399088,0,1.483870967741935,-8,0
2013,139,3107,54,3314,59,N,0,14,55.34286659159255,0.9,18.366666666666667,3,65.24172480664132,0.8235294117647058,9.323529411764708,11,-9.898858215048762,0.07647058823529418,9.043137254901959,-5,0
2013,139,3404,64,3323,97,N,0,16,51.370892704135734,0.5757575757575758,5.484848484848484,1,74.86781231388245,0.96875,23.09375,15,-23.49691960974672,-0.3929924242424242,-17.608901515151516,-33,0
2013,139,3177,56,3329,73,N,0,10,61.59192030526545,0.65625,1.78125,7,61.748376271072395,0.6774193548387096,14.32258064516129,3,-0.15645596580694843,-0.02116935483870963,-12.54133064516129,-17,0
2013,139,3142,55,3336,85,N,0,14,53.280395362532815,0.6774193548387096,6.161290322580645,3,65.56114335933282,0.8333333333333334,14.7,11,-12.280747996800002,-0.15591397849462374,-8.538709677419355,-30,0
2013,139,3251,43,3345,77,N,0,13,54.39939972527781,0.8064516129032258,15.67741935483871,4,63.16808361612235,0.75,6.25,9,-8.768683890844542,0.056451612903225756,9.42741935483871,-34,0
2013,139,3409,56,3390,72,H,0,16,53.1030807804356,0.5,0.0625,1,73.6917693054419,0.9393939393939394,18.818181818181817,15,-20.588688525006297,-0.43939393939393945,-18.755681818181817,-16,0
2013,140,3378,78,3143,82,N,1,10,59.51602298042307,0.6774193548387096,9.935483870967742,2,65.58756153793824,0.9032258064516128,14.741935483870968,8,-6.071538557515176,-0.22580645161290314,-4.806451612903226,-4,0
2013,140,3435,44,3163,77,H,0,8,62.0039555320278,0.6451612903225806,8.419354838709678,1,73.76490063685208,0.8787878787878788,32.36363636363637,7,-11.760945104824273,-0.23362658846529816,-23.944281524926687,-33,0
2013,140,3235,60,3208,65,N,0,5,64.15378381864687,0.7419354838709677,10.129032258064516,4,63.969422806653114,0.8064516129032258,13.258064516129032,1,0.18436101199375798,-0.06451612903225801,-3.129032258064516,-5,0
2013,140,3376,69,3242,75,N,0,4,63.549386075029126,0.7741935483870968,11.225806451612904,12,60.17817538665712,0.5666666666666667,1.8,-8,3.3712106883720097,0.2075268817204301,9.425806451612903,-6,0
2013,140,3277,49,3268,74,H,0,5,62.385132203160715,0.75,10.6875,4,65.81167331334773,0.7741935483870968,19.35483870967742,1,-3.42654111018701,-0.024193548387096753,-8.66733870967742,-25,0
2013,140,3401,63,3304,74,A,0,3,66.7209670997125,0.7272727272727273,12.393939393939394,6,62.96687556487001,0.7419354838709677,8.225806451612904,-3,3.7540915348424875,-0.014662756598240456,4.168132942326491,-11,0
2013,140,3417,72,3328,85,N,0,3,63.529974282922616,0.78125,7.4375,6,63.25992408531128,0.6875,6.5,-3,0.270050197611333,0.09375,0.9375,-13,0
2013,140,3166,52,3397,68,H,0,10,57.87957047315955,0.7741935483870968,7.709677419354839,2,67.768442292527,0.7741935483870968,14.064516129032258,8,-9.888871819367445,0,-6.354838709677419,-16,0
2013,141,3199,47,3124,85,H,0,8,61.43822790852315,0.7096774193548387,11.161290322580646,1,76.39505859204498,0.9696969696969696,27.09090909090909,7,-14.956830683521822,-0.26001955034213087,-15.929618768328444,-38,0
2013,141,3314,69,3174,78,H,0,3,65.24172480664132,0.8235294117647058,9.323529411764708,6,63.521922503385206,0.9090909090909092,15.636363636363637,-3,1.7198023032561096,-0.08556149732620333,-6.312834224598928,-9,0
2013,141,3329,59,3181,68,H,0,7,61.748376271072395,0.6774193548387096,14.32258064516129,2,70.79443867355702,0.9375,22.53125,5,-9.04606240248463,-0.26008064516129037,-8.20866935483871,-9,0
2013,141,3173,70,3246,84,N,0,7,62.776538071184014,0.9310344827586208,18.20689655172414,2,67.34217117227324,0.84375,19.34375,5,-4.565633101089226,0.08728448275862077,-1.1368534482758612,-14,0
2013,141,3345,63,3257,76,H,0,4,63.16808361612235,0.75,6.25,5,63.50541526562622,0.75,14.96875,-1,-0.3373316495038665,0,-8.71875,-13,0
2013,141,3336,66,3261,71,H,0,3,65.56114335933282,0.8333333333333334,14.7,6,62.608367794112,0.6451612903225806,5.741935483870968,-3,2.9527755652208185,0.18817204301075274,8.958064516129031,-5,0
2013,141,3234,57,3323,74,A,0,9,60.41586394957433,0.625,5.4375,1,74.86781231388245,0.96875,23.09375,8,-14.451948364308123,-0.34375,-17.65625,-17,0
2013,141,3276,40,3390,73,H,0,8,59.91723457655546,0.6774193548387096,5.806451612903226,1,73.6917693054419,0.9393939393939394,18.818181818181817,7,-13.774534728886437,-0.2619745845552298,-13.01173020527859,-33,0
2013,145,3261,63,3143,73,N,0,6,62.608367794112,0.6451612903225806,5.741935483870968,2,65.58756153793824,0.9032258064516128,14.741935483870968,4,-2.9791937438262437,-0.25806451612903214,-9,-10,0
2013,145,3268,50,3163,76,H,0,4,65.81167331334773,0.7741935483870968,19.35483870967742,1,73.76490063685208,0.8787878787878788,32.36363636363637,3,-7.9532273235043505,-0.10459433040078203,-13.008797653958947,-26,0
2013,145,3390,59,3208,61,N,0,1,73.6917693054419,0.9393939393939394,18.818181818181817,4,63.969422806653114,0.8064516129032258,13.258064516129032,-3,9.72234649878878,0.1329423264907137,5.5601173020527845,-2,0
2013,145,3174,62,3246,69,N,0,6,63.521922503385206,0.9090909090909092,15.636363636363637,2,67.34217117227324,0.84375,19.34375,4,-3.820248668888034,0.06534090909090917,-3.7073863636363633,-7,0
2013,146,3304,45,3181,53,N,0,6,62.96687556487001,0.7419354838709677,8.225806451612904,2,70.79443867355702,0.9375,22.53125,4,-7.827563108687016,-0.19556451612903225,-14.305443548387096,-8,0
2013,146,3124,81,3257,82,N,0,1,76.39505859204498,0.9696969696969696,27.09090909090909,5,63.50541526562622,0.75,14.96875,-4,12.889643326418756,0.2196969696969696,12.12215909090909,-1,0
2013,146,3242,63,3323,93,N,0,12,60.17817538665712,0.5666666666666667,1.8,1,74.86781231388245,0.96875,23.09375,11,-14.689636927225337,-0.40208333333333335,-21.29375,-30,0
2013,146,3328,59,3397,74,N,0,6,63.25992408531128,0.6875,6.5,2,67.768442292527,0.7741935483870968,14.064516129032258,4,-4.508518207215715,-0.08669354838709675,-7.564516129032258,-15,0
2013,147,3208,62,3143,65,N,1,4,63.969422806653114,0.8064516129032258,13.258064516129032,2,65.58756153793824,0.9032258064516128,14.741935483870968,2,-1.6181387312851285,-0.09677419354838701,-1.483870967741936,-3,0
2013,147,3246,53,3163,83,H,0,2,67.34217117227324,0.84375,19.34375,1,73.76490063685208,0.8787878787878788,32.36363636363637,1,-6.422729464578836,-0.035037878787878785,-13.019886363636367,-30,0
2013,148,3397,78,3257,86,N,0,2,67.768442292527,0.7741935483870968,14.064516129032258,5,63.50541526562622,0.75,14.96875,-3,4.2630270269007795,0.024193548387096753,-0.904233870967742,-8,0
2013,148,3181,76,3323,87,N,0,2,70.79443867355702,0.9375,22.53125,1,74.86781231388245,0.96875,23.09375,1,-4.073373640325428,-0.03125,-0.5625,-11,0
2013,153,3323,65,3163,83,N,0,1,74.86781231388245,0.96875,23.09375,1,73.76490063685208,0.8787878787878788,32.36363636363637,0,1.1029116770303773,0.08996212121212122,-9.269886363636367,-18,0
2013,153,3143,57,3257,64,N,0,2,65.58756153793824,0.9032258064516128,14.741935483870968,5,63.50541526562622,0.75,14.96875,-3,2.0821462723120234,0.15322580645161277,-0.22681451612903203,-7,0
2013,155,3257,60,3163,93,N,0,5,63.50541526562622,0.75,14.96875,1,73.76490063685208,0.8787878787878788,32.36363636363637,4,-10.259485371225857,-0.12878787878787878,-17.394886363636367,-33,0
2014,138,3435,61,3113,69,N,0,8,60.08582597571836,0.6,5.333333333333333,9,58.80454963131433,0.7096774193548387,4.709677419354839,-1,1.2812763444040272,-0.10967741935483877,0.6236559139784941,-8,0
2014,138,3443,74,3124,87,H,0,15,52.4896638558498,0.75,9.4375,2,73.5049918177007,0.8787878787878788,22.21212121212121,13,-21.0153279618509,-0.12878787878787878,-12.774621212121211,-13,0
2014,138,3301,57,3140,72,N,0,5,62.96817014276141,0.78125,9.59375,12,59.25961657226759,0.8125,8.5,-7,3.7085535704938195,-0.03125,1.09375,-15,0
2014,138,3200,63,3143,64,N,0,10,57.4138835503243,0.78125,10.9375,7,63.66184258606917,0.7,4.633333333333334,3,-6.24795903574487,0.08125000000000004,6.304166666666666,-1,0
2014,138,3328,100,3177,104,N,0,10,61.455950477747905,0.5625,8.96875,7,63.08385632440824,0.8181818181818182,13.181818181818182,3,-1.6279058466603331,-0.25568181818181823,-4.213068181818182,-4,0
2014,138,3457,45,3181,87,H,0,15,50.85171750612985,0.75,9.6875,2,70.35733915033516,0.8181818181818182,16.333333333333332,13,-19.505621644205313,-0.06818181818181823,-6.645833333333332,-42,0
2014,138,3235,44,3199,55,A,0,7,62.44353483049881,0.6666666666666666,8.966666666666667,10,60.826535807652725,0.6451612903225806,6.161290322580645,-3,1.6169990228460875,0.021505376344086002,2.8053763440860218,-11,0
2014,138,3460,60,3246,106,H,0,14,53.88719798394647,0.7575757575757576,7.575757575757576,3,66.87267902540835,0.75,13,11,-12.985481041461874,0.007575757575757569,-5.424242424242424,-46,0
2014,138,3201,55,3304,74,N,0,13,55.5871753327982,0.6666666666666666,5.066666666666666,4,65.41961870052333,0.8064516129032258,12.516129032258064,9,-9.832443367725126,-0.13978494623655913,-7.449462365591398,-19,0
2014,138,3352,42,3323,93,N,0,16,48.43778127047339,0.65625,5.65625,1,76.4330505863923,1,25.625,15,-27.99526931591891,-0.34375,-19.96875,-51,0
2014,138,3195,60,3329,61,N,1,12,57.429853527521374,0.7878787878787878,10.909090909090908,5,63.44723338622449,0.7419354838709677,11.161290322580646,7,-6.017379858703116,0.045943304007820096,-0.2521994134897376,-1,0
2014,138,3103,55,3345,84,H,0,13,54.97968268897514,0.7096774193548387,9.064516129032258,4,63.96696973157385,0.7241379310344828,6.310344827586207,9,-8.987287042598709,-0.014460511679644017,2.7541713014460507,-29,0
2014,138,3425,68,3385,71,N,0,9,60.68860869772035,0.6470588235294118,2.735294117647059,8,60.02548106877867,0.6875,4.8125,1,0.6631276289416803,-0.0404411764705882,-2.077205882352941,-3,0
2014,138,3377,62,3390,81,N,0,15,51.32008565194538,0.5666666666666667,0.7666666666666667,2,71.83872494848357,0.90625,17.5,13,-20.518639296538197,-0.33958333333333335,-16.733333333333334,-19,0
2014,138,3151,53,3393,59,N,0,11,58.36431099071996,0.90625,14.125,6,62.14169951017624,0.7096774193548387,9.612903225806452,5,-3.777388519456281,0.19657258064516125,4.512096774193548,-6,0
2014,138,3322,46,3397,70,H,0,16,49.040497261021656,0.6129032258064516,1.032258064516129,1,69.1625543344809,0.84375,15.46875,15,-20.122057073459246,-0.23084677419354838,-14.436491935483872,-24,0
2014,139,3341,44,3163,87,H,0,16,44.98023159984019,0.4516129032258064,-4.451612903225806,1,76.84787802753175,1,35.705882352941174,15,-31.86764642769156,-0.5483870967741936,-40.15749525616698,-43,0
2014,139,3173,69,3196,83,N,0,6,60.97947802073794,0.7666666666666667,9.333333333333334,11,59.94584308048008,0.6129032258064516,4.967741935483871,-5,1.033634940257862,0.1537634408602151,4.365591397849463,-14,0
2014,139,3265,65,3234,87,H,0,11,58.853135827092125,0.8181818181818182,13.242424242424242,6,63.396777381201176,0.7647058823529411,9.588235294117649,5,-4.543641554109051,0.05347593582887711,3.6541889483065937,-22,0
2014,139,3211,63,3241,72,N,0,6,63.52301215244352,0.8787878787878788,19.424242424242426,11,60.10660241597676,0.8484848484848485,20.333333333333332,-5,3.416409736466761,0.030303030303030276,-0.9090909090909065,-9,0
2014,139,3225,42,3257,88,N,0,14,52.748737696695734,0.7419354838709677,11.483870967741936,3,67.90631763722725,0.8823529411764706,18.970588235294116,11,-15.157579940531512,-0.1404174573055028,-7.48671726755218,-46,0
2014,139,3210,78,3261,98,H,0,10,60.90717749794759,0.6451612903225806,8.838709677419354,7,61.029540335646615,0.6129032258064516,5.290322580645161,3,-0.12236283769902201,0.032258064516129004,3.548387096774193,-20,0
2014,139,3119,52,3268,90,H,0,13,52.4132212827984,0.7741935483870968,7.838709677419355,4,65.89537840293148,0.8,21.333333333333332,9,-13.482157120133081,-0.02580645161290329,-13.494623655913976,-38,0
2014,139,3214,61,3277,91,N,0,12,57.73093206242584,0.875,15.0625,5,63.16336039750625,0.7096774193548387,9.483870967741936,7,-5.4324283350804095,0.16532258064516125,5.578629032258064,-30,0
2014,139,3404,58,3314,60,H,0,13,53.409315386151214,0.7741935483870968,12.709677419354838,4,65.20692476147362,0.7272727272727273,14.666666666666666,9,-11.797609375322402,0.04692082111436946,-1.956989247311828,-2,0
2014,139,3292,36,3333,55,N,0,8,61.51490095966043,0.8787878787878788,12.424242424242424,9,59.354098811088335,0.6875,8.65625,-1,2.1608021485720954,0.19128787878787878,3.767992424242424,-19,0
2014,139,3455,56,3336,62,H,0,14,56.81085229262444,0.8125,14.375,3,64.50902255038979,0.7586206896551724,8.89655172413793,11,-7.698170257765348,0.053879310344827624,5.478448275862069,-6,0
2014,139,3169,58,3376,73,N,0,16,51.75244989513346,0.5625,1.90625,1,66.25460994457394,0.8709677419354839,18.096774193548388,15,-14.502160049440484,-0.3084677419354839,-16.190524193548388,-15,0
2014,139,3208,57,3386,67,N,0,8,62.29989165786242,0.6451612903225806,7.903225806451613,9,57.40184861717045,0.7096774193548387,8.419354838709678,-1,4.898043040691967,-0.06451612903225812,-0.516129032258065,-10,0
2014,139,3335,61,3400,79,N,0,12,52.95464602375303,0.7857142857142857,9.285714285714286,5,62.14128617703404,0.65625,9.875,7,-9.186640153281012,0.1294642857142857,-0.5892857142857135,-18,0
2014,139,3315,55,3401,70,H,0,14,51.64046119992715,0.6896551724137931,4.931034482758621,3,65.36248429778479,0.75,11.25,11,-13.722023097857637,-0.06034482758620685,-6.318965517241379,-15,0
2014,139,3107,61,3452,76,N,0,15,55.973526646531745,0.875,17.15625,2,66.70029840081214,0.8787878787878788,15.484848484848484,13,-10.7267717542804,-0.0037878787878787845,1.6714015151515156,-15,0
2014,140,3143,56,3124,75,N,0,7,63.66184258606917,0.7,4.633333333333334,2,73.5049918177007,0.8787878787878788,22.21212121212121,5,-9.843149231631529,-0.17878787878787883,-17.578787878787878,-19,0
2014,140,3304,76,3140,80,N,0,4,65.41961870052333,0.8064516129032258,12.516129032258064,12,59.25961657226759,0.8125,8.5,-8,6.160002128255741,-0.006048387096774244,4.016129032258064,-4,0
2014,140,3181,65,3177,74,N,0,2,70.35733915033516,0.8181818181818182,16.333333333333332,7,63.08385632440824,0.8181818181818182,13.181818181818182,-5,7.273482825926926,0,3.1515151515151505,-9,0
2014,140,3393,59,3246,64,N,0,6,62.14169951017624,0.7096774193548387,9.612903225806452,3,66.87267902540835,0.75,13,3,-4.730979515232107,-0.040322580645161255,-3.387096774193548,-5,0
2014,140,3113,67,3323,84,N,0,9,58.80454963131433,0.7096774193548387,4.709677419354839,1,76.4330505863923,1,25.625,8,-17.628500955077968,-0.29032258064516125,-20.91532258064516,-17,0
2014,140,3345,66,3329,73,N,0,4,63.96696973157385,0.7241379310344828,6.310344827586207,5,63.44723338622449,0.7419354838709677,11.161290322580646,-1,0.519736345349358,-0.017797552836484987,-4.850945494994439,-7,0
2014,140,3199,44,3390,63,N,0,10,60.826535807652725,0.6451612903225806,6.161290322580645,2,71.83872494848357,0.90625,17.5,8,-11.012189140830849,-0.2610887096774194,-11.338709677419356,-19,0
2014,140,3385,51,3397,67,N,0,8,60.02548106877867,0.6875,4.8125,1,69.1625543344809,0.84375,15.46875,7,-9.137073265702234,-0.15625,-10.65625,-16,0
2014,141,3386,52,3163,91,N,0,9,57.40184861717045,0.7096774193548387,8.419354838709678,1,76.84787802753175,1,35.705882352941174,8,-19.446029410361298,-0.29032258064516125,-27.286527514231494,-39,0
2014,141,3234,53,3257,83,N,0,6,63.396777381201176,0.7647058823529411,9.588235294117649,3,67.90631763722725,0.8823529411764706,18.970588235294116,3,-4.509540256026071,-0.11764705882352944,-9.382352941176467,-30,0
2014,141,3452,67,3261,76,N,0,2,66.70029840081214,0.8787878787878788,15.484848484848484,7,61.029540335646615,0.6129032258064516,5.290322580645161,-5,5.670758065165529,0.26588465298142716,10.194525904203324,-9,0
2014,141,3400,64,3268,69,N,0,5,62.14128617703404,0.65625,9.875,4,65.89537840293148,0.8,21.333333333333332,1,-3.7540922258974447,-0.14375000000000004,-11.458333333333332,-5,0
2014,141,3277,53,3314,62,N,0,5,63.16336039750625,0.7096774193548387,9.483870967741936,4,65.20692476147362,0.7272727272727273,14.666666666666666,1,-2.043564363967363,-0.017595307917888547,-5.18279569892473,-9,0
2014,141,3196,61,3336,83,N,0,11,59.94584308048008,0.6129032258064516,4.967741935483871,3,64.50902255038979,0.7586206896551724,8.89655172413793,8,-4.563179469909706,-0.14571746384872075,-3.9288097886540596,-22,0
2014,141,3333,69,3376,78,N,0,9,59.354098811088335,0.6875,8.65625,1,66.25460994457394,0.8709677419354839,18.096774193548388,8,-6.900511133485608,-0.18346774193548387,-9.440524193548388,-9,0
2014,141,3241,69,3401,85,N,0,11,60.10660241597676,0.8484848484848485,20.333333333333332,3,65.36248429778479,0.75,11.25,8,-5.25588188180803,0.09848484848484851,9.083333333333332,-16,0
2014,145,3246,72,3124,90,N,0,3,66.87267902540835,0.75,13,2,73.5049918177007,0.8787878787878788,22.21212121212121,1,-6.632312792292353,-0.12878787878787878,-9.212121212121211,-18,0
2014,145,3140,51,3163,70,N,0,12,59.25961657226759,0.8125,8.5,1,76.84787802753175,1,35.705882352941174,11,-17.58826145526416,-0.1875,-27.205882352941174,-19,0
2014,145,3329,72,3323,89,N,0,5,63.44723338622449,0.7419354838709677,11.161290322580646,1,76.4330505863923,1,25.625,4,-12.985817200167808,-0.25806451612903225,-14.463709677419354,-17,0
2014,145,3177,65,3401,84,N,0,7,63.08385632440824,0.8181818181818182,13.181818181818182,3,65.36248429778479,0.75,11.25,4,-2.278627973376551,0.06818181818181823,1.9318181818181817,-19,0
2014,146,3261,47,3257,73,N,0,7,61.029540335646615,0.6129032258064516,5.290322580645161,3,67.90631763722725,0.8823529411764706,18.970588235294116,4,-6.876777301580631,-0.26944971537001894,-13.680265654648956,-26,0
2014,146,3397,62,3268,73,N,0,1,69.1625543344809,0.84375,15.46875,4,65.89537840293148,0.8,21.333333333333332,-3,3.267175931549417,0.043749999999999956,-5.864583333333332,-11,0
2014,146,3376,58,3314,65,N,0,1,66.25460994457394,0.8709677419354839,18.096774193548388,4,65.20692476147362,0.7272727272727273,14.666666666666666,-3,1.0476851831003273,0.14369501466275658,3.430107526881722,-7,0
2014,146,3336,57,3390,82,N,0,3,64.50902255038979,0.7586206896551724,8.89655172413793,2,71.83872494848357,0.90625,17.5,1,-7.3297023980937865,-0.14762931034482762,-8.60344827586207,-25,0
2014,147,3401,54,3163,69,N,0,3,65.36248429778479,0.75,11.25,1,76.84787802753175,1,35.705882352941174,2,-11.48539372974696,-0.25,-24.455882352941174,-15,0
2014,147,3124,69,3323,88,H,0,2,73.5049918177007,0.8787878787878788,22.21212121212121,1,76.4330505863923,1,25.625,1,-2.9280587686915993,-0.12121212121212122,-3.412878787878789,-19,0
2014,148,3257,73,3268,76,A,0,3,67.90631763722725,0.8823529411764706,18.970588235294116,4,65.89537840293148,0.8,21.333333333333332,-1,2.010939234295762,0.08235294117647052,-2.362745098039216,-3,0
2014,148,3314,65,3390,74,H,0,4,65.20692476147362,0.7272727272727273,14.666666666666666,2,71.83872494848357,0.90625,17.5,2,-6.631800187009958,-0.1789772727272727,-2.833333333333334,-9,0
2014,153,3390,56,3163,75,N,0,2,71.83872494848357,0.90625,17.5,1,76.84787802753175,1,35.705882352941174,1,-5.0091530790481755,-0.09375,-18.205882352941174,-19,0
2014,153,3268,61,3323,87,N,0,4,65.89537840293148,0.8,21.333333333333332,1,76.4330505863923,1,25.625,3,-10.537672183460813,-0.19999999999999996,-4.291666666666668,-26,0
2014,155,3323,58,3163,79,N,0,1,76.4330505863923,1,25.625,1,76.84787802753175,1,35.705882352941174,0,-0.414827441139451,0,-10.080882352941174,-21,0
2015,137,3321,55,3116,57,N,0,7,62.07898323551573,0.7419354838709677,9.419354838709678,10,59.13673932256465,0.5666666666666667,4.9,-3,2.942243912951078,0.1752688172043011,4.519354838709678,-2,0
2015,137,3322,36,3124,77,N,0,15,47.76562856731017,0.5172413793103449,-3.2758620689655173,2,72.16664315705626,0.9090909090909092,20.666666666666668,13,-24.401014589746083,-0.3918495297805643,-23.942528735632184,-41,0
2015,137,3455,66,3143,78,N,0,13,59.35528480139601,0.8787878787878788,13.424242424242424,4,63.59783678160588,0.71875,7.34375,9,-4.242551980209868,0.16003787878787878,6.080492424242424,-12,0
2015,137,3235,66,3173,78,N,0,10,60.45586740688526,0.6,6.333333333333333,7,61.47788575232333,0.8064516129032258,11.935483870967742,3,-1.0220183454380702,-0.20645161290322578,-5.602150537634409,-12,0
2015,137,3278,72,3177,79,N,0,8,61.30767173424421,0.71875,4.59375,9,63.778914380678394,0.7878787878787878,16.90909090909091,-1,-2.4712426464341846,-0.06912878787878785,-12.31534090909091,-7,0
2015,137,3107,52,3181,54,N,0,13,54.11491948056779,0.75,14.15625,4,66.61674644623771,0.6774193548387096,11.64516129032258,9,-12.50182696566992,0.07258064516129037,2.51108870967742,-2,0
2015,137,3203,69,3211,82,N,0,6,60.98554288731582,0.9032258064516128,14.387096774193548,11,60.666724080626025,0.7741935483870968,10.258064516129032,-5,0.3188188066897979,0.12903225806451601,4.129032258064516,-13,0
2015,137,3110,67,3234,75,N,0,14,54.27712401700623,0.75,6.125,3,64.6860106080212,0.7741935483870968,7.193548387096774,11,-10.408886591014976,-0.024193548387096753,-1.068548387096774,-8,0
2015,137,3398,52,3246,97,N,0,15,48.3536762509087,0.6,0.13333333333333333,2,66.01915802987553,0.71875,5.8125,13,-17.66548177896683,-0.11875000000000002,-5.679166666666666,-45,0
2015,137,3449,80,3274,86,N,0,6,60.669405409102495,0.71875,9.25,11,59.23062032945147,0.6129032258064516,7.354838709677419,-5,1.4387850796510264,0.10584677419354838,1.895161290322581,-6,0
2015,137,3408,47,3280,57,N,0,12,56.40288459418129,0.6875,6.1875,5,61.22908434093929,0.8125,16.5,7,-4.826199746758,-0.125,-10.3125,-10,0
2015,137,3285,43,3323,77,N,0,16,54.064599107020655,0.7333333333333333,7.7,1,76.25715702517803,0.9393939393939394,21.696969696969695,15,-22.192557918157377,-0.20606060606060617,-13.996969696969696,-34,0
2015,137,3355,62,3333,74,N,0,14,56.708972210775,0.75,10.65625,3,63.623098954114234,0.8620689655172413,15.310344827586206,11,-6.9141267433392315,-0.11206896551724133,-4.654094827586206,-12,0
2015,137,3366,48,3376,81,N,0,16,48.42207054529091,0.6551724137931034,1.137931034482759,1,69.79120122182282,0.9375,22.96875,15,-21.36913067653191,-0.2823275862068966,-21.830818965517242,-33,0
2015,137,3304,69,3393,72,N,0,9,62.78840561619947,0.6774193548387096,6.516129032258065,8,62.20274077902808,0.7,9.066666666666666,1,0.585664837171386,-0.022580645161290325,-2.5505376344086015,-3,0
2015,137,3443,64,3400,66,N,0,12,58.44593339589236,0.8823529411764706,14.235294117647058,5,63.51395600955537,0.6875,9.6875,7,-5.068022613663011,0.19485294117647056,4.547794117647058,-2,0
2015,138,3325,55,3113,74,N,0,14,54.19407956560431,0.8709677419354839,14.32258064516129,3,63.872110910011976,0.84375,12.3125,11,-9.678031344407664,0.027217741935483875,2.01008064516129,-19,0
2015,138,3401,60,3114,69,N,0,6,63.32745179176427,0.71875,9.59375,11,55.27287579523957,0.875,14.25,-5,8.054575996524697,-0.15625,-4.65625,-9,0
2015,138,3383,33,3163,89,N,0,16,45.908399637248785,0.4545454545454546,0.18181818181818185,1,77.89079058889128,0.9696969696969696,42.06060606060606,15,-31.982390951642493,-0.515151515151515,-41.87878787878788,-56,0
2015,138,3329,67,3195,75,N,0,10,62.76865053351867,0.6451612903225806,8.290322580645162,7,60.25623606600562,0.935483870967742,18.806451612903224,3,2.5124144675130466,-0.29032258064516137,-10.516129032258062,-8,0
2015,138,3106,49,3199,91,N,0,15,43.18075647756141,0.5,-0.7142857142857143,2,65.8539221887866,0.8787878787878788,18.78787878787879,13,-22.673165711225188,-0.3787878787878788,-19.502164502164504,-42,0
2015,138,3140,53,3257,86,N,0,14,58.87860406463162,0.7096774193548387,3.870967741935484,3,66.77790713809563,0.8064516129032258,15.290322580645162,11,-7.8993030734640115,-0.09677419354838701,-11.419354838709678,-33,0
2015,138,3308,57,3268,75,N,0,16,49.88288928158722,0.7407407407407407,6.222222222222222,1,70.05393587928042,0.9375,19.3125,15,-20.1710465976932,-0.1967592592592593,-13.090277777777779,-18,0
2015,138,3251,65,3314,71,N,0,13,54.178358236147496,0.8125,9.84375,4,65.08399459349062,0.75,10.8125,9,-10.90563635734312,0.0625,-0.96875,-6,0
2015,138,3241,80,3326,90,N,0,12,61.32349931608504,0.90625,16.59375,5,63.21181214247664,0.696969696969697,9.575757575757576,7,-1.8883128263915978,0.20928030303030298,7.017992424242424,-10,0
2015,138,3346,84,3328,111,N,0,12,58.57946880706912,0.9117647058823528,15.205882352941176,5,62.855400532782056,0.6451612903225806,6.064516129032258,7,-4.275931725712937,0.2666034155597722,9.141366223908918,-27,0
2015,138,3151,40,3338,51,N,0,7,60.74267602686832,0.90625,12.90625,10,56.69966271817152,0.6333333333333333,6.6,-3,4.0430133086968,0.2729166666666667,6.30625,-11,0
2015,138,3453,70,3343,80,N,0,9,60.59048283873822,0.8709677419354839,13.903225806451612,8,60.78319954555591,1,24.9,1,-0.19271670681769137,-0.12903225806451613,-10.996774193548386,-10,0
2015,138,3371,66,3353,79,N,0,9,60.65863050959993,0.8484848484848485,11.303030303030305,8,62.13540637755211,0.7096774193548387,8.741935483870968,1,-1.4767758679521776,0.13880742913000976,2.5610948191593366,-13,0
2015,138,3261,64,3378,73,N,0,11,61.18821583998561,0.5666666666666667,3.1666666666666665,6,62.278619010410914,0.7878787878787878,12.333333333333334,5,-1.0904031704253043,-0.2212121212121212,-9.166666666666668,-9,0
2015,138,3169,60,3390,73,N,0,13,54.17304458544508,0.71875,8.875,4,67.43281688225579,0.7272727272727273,9.484848484848484,9,-13.25977229681071,-0.008522727272727293,-0.6098484848484844,-13,0
2015,138,3129,61,3397,72,N,0,15,52.01069670887559,0.6666666666666666,7.9,2,69.43952118792464,0.84375,16.40625,13,-17.428824479049048,-0.17708333333333337,-8.50625,-11,0
2015,139,3116,44,3124,73,N,0,10,59.13673932256465,0.5666666666666667,4.9,2,72.16664315705626,0.9090909090909092,20.666666666666668,8,-13.029903834491606,-0.3424242424242425,-15.766666666666667,-29,0
2015,139,3246,94,3173,99,N,0,2,66.01915802987553,0.71875,5.8125,7,61.47788575232333,0.8064516129032258,11.935483870967742,-5,4.541272277552196,-0.08770161290322576,-6.122983870967742,-5,0
2015,139,3280,56,3181,64,N,0,5,61.22908434093929,0.8125,16.5,4,66.61674644623771,0.6774193548387096,11.64516129032258,1,-5.387662105298425,0.13508064516129037,4.85483870967742,-8,0
2015,139,3333,64,3211,76,N,0,3,63.623098954114234,0.8620689655172413,15.310344827586206,11,60.666724080626025,0.7741935483870968,10.258064516129032,-8,2.9563748734882083,0.08787541713014457,5.052280311457174,-12,0
2015,139,3274,70,3234,88,N,0,11,59.23062032945147,0.6129032258064516,7.354838709677419,3,64.6860106080212,0.7741935483870968,7.193548387096774,8,-5.4553902785697375,-0.16129032258064513,0.16129032258064502,-18,0
2015,139,3177,67,3323,79,N,0,9,63.778914380678394,0.7878787878787878,16.90909090909091,1,76.25715702517803,0.9393939393939394,21.696969696969695,8,-12.478242644499637,-0.1515151515151516,-4.787878787878785,-12,0
2015,139,3393,68,3376,97,N,0,8,62.20274077902808,0.7,9.066666666666666,1,69.79120122182282,0.9375,22.96875,7,-7.588460442794734,-0.23750000000000004,-13.902083333333334,-29,0
2015,139,3143,70,3400,73,N,0,4,63.59783678160588,0.71875,7.34375,5,63.51395600955537,0.6875,9.6875,-1,0.08388077205050593,0.03125,-2.34375,-3,0
2015,140,3114,54,3113,57,N,0,11,55.27287579523957,0.875,14.25,3,63.872110910011976,0.84375,12.3125,8,-8.599235114772405,0.03125,1.9375,-3,0
2015,140,3353,55,3163,91,N,0,8,62.13540637755211,0.7096774193548387,8.741935483870968,1,77.89079058889128,0.9696969696969696,42.06060606060606,7,-15.75538421133917,-0.26001955034213087,-33.318670576735094,-36,0
2015,140,3195,47,3199,65,N,0,7,60.25623606600562,0.935483870967742,18.806451612903224,2,65.8539221887866,0.8787878787878788,18.78787878787879,5,-5.597686122780978,0.05669599217986321,0.018572825024435247,-18,0
2015,140,3378,52,3257,60,N,0,6,62.278619010410914,0.7878787878787878,12.333333333333334,3,66.77790713809563,0.8064516129032258,15.290322580645162,3,-4.499288127684714,-0.01857282502443791,-2.956989247311828,-8,0
2015,140,3343,70,3268,85,N,0,8,60.78319954555591,1,24.9,1,70.05393587928042,0.9375,19.3125,7,-9.270736333724507,0.0625,5.587499999999999,-15,0
2015,140,3326,84,3314,86,N,0,5,63.21181214247664,0.696969696969697,9.575757575757576,4,65.08399459349062,0.75,10.8125,1,-1.8721824510139768,-0.05303030303030298,-1.2367424242424239,-2,0
2015,140,3328,76,3390,86,N,0,5,62.855400532782056,0.6451612903225806,6.064516129032258,4,67.43281688225579,0.7272727272727273,9.484848484848484,1,-4.5774163494737365,-0.08211143695014667,-3.4203323558162264,-10,0
2015,140,3338,67,3397,77,N,0,10,56.69966271817152,0.6333333333333333,6.6,2,69.43952118792464,0.84375,16.40625,8,-12.739858469753123,-0.2104166666666667,-9.80625,-10,0
2015,144,3234,66,3124,81,N,0,3,64.6860106080212,0.7741935483870968,7.193548387096774,2,72.16664315705626,0.9090909090909092,20.666666666666668,1,-7.48063254903505,-0.13489736070381242,-13.473118279569894,-15,0
2015,144,3113,65,3199,66,N,0,3,63.872110910011976,0.84375,12.3125,2,65.8539221887866,0.8787878787878788,18.78787878787879,1,-1.9818112787746216,-0.035037878787878785,-6.475378787878789,-1,0
2015,144,3390,60,3323,81,N,0,4,67.43281688225579,0.7272727272727273,9.484848484848484,1,76.25715702517803,0.9393939393939394,21.696969696969695,3,-8.824340142922239,-0.21212121212121215,-12.212121212121211,-21,0
2015,144,3314,65,3376,67,N,0,4,65.08399459349062,0.75,10.8125,1,69.79120122182282,0.9375,22.96875,3,-4.707206628332202,-0.1875,-12.15625,-2,0
2015,145,3400,54,3163,105,N,0,5,63.51395600955537,0.6875,9.6875,1,77.89079058889128,0.9696969696969696,42.06060606060606,4,-14.376834579335906,-0.2821969696969696,-32.37310606060606,-51,0
2015,145,3257,66,3173,82,N,0,3,66.77790713809563,0.8064516129032258,15.290322580645162,7,61.47788575232333,0.8064516129032258,11.935483870967742,-4,5.300021385772297,0,3.35483870967742,-16,0
2015,145,3181,55,3268,65,N,0,4,66.61674644623771,0.6774193548387096,11.64516129032258,1,70.05393587928042,0.9375,19.3125,3,-3.437189433042704,-0.26008064516129037,-7.66733870967742,-10,0
2015,145,3211,69,3397,73,N,1,11,60.666724080626025,0.7741935483870968,10.258064516129032,2,69.43952118792464,0.84375,16.40625,9,-8.772797107298615,-0.06955645161290325,-6.148185483870968,-4,0
2015,146,3124,68,3323,77,N,0,2,72.16664315705626,0.9090909090909092,20.666666666666668,1,76.25715702517803,0.9393939393939394,21.696969696969695,1,-4.090513868121775,-0.030303030303030276,-1.0303030303030276,-9,0
2015,146,3199,74,3376,80,N,0,2,65.8539221887866,0.8787878787878788,18.78787878787879,1,69.79120122182282,0.9375,22.96875,1,-3.9372790330362193,-0.058712121212121215,-4.180871212121211,-6,0
2015,147,3173,70,3163,91,N,0,7,61.47788575232333,0.8064516129032258,11.935483870967742,1,77.89079058889128,0.9696969696969696,42.06060606060606,6,-16.412904836567947,-0.16324535679374386,-30.12512218963832,-21,0
2015,147,3397,48,3268,58,N,0,2,69.43952118792464,0.84375,16.40625,1,70.05393587928042,0.9375,19.3125,1,-0.6144146913557762,-0.09375,-2.90625,-10,0
2015,153,3268,58,3163,81,N,0,1,70.05393587928042,0.9375,19.3125,1,77.89079058889128,0.9696969696969696,42.06060606060606,0,-7.836854709610861,-0.03219696969696961,-22.748106060606062,-23,0
2015,153,3376,65,3323,66,N,0,1,69.79120122182282,0.9375,22.96875,1,76.25715702517803,0.9393939393939394,21.696969696969695,0,-6.4659558033552145,-0.0018939393939394478,1.2717803030303045,-1,0
2015,155,3323,53,3163,63,N,0,1,76.25715702517803,0.9393939393939394,21.696969696969695,1,77.89079058889128,0.9696969696969696,42.06060606060606,0,-1.6336335637132464,-0.030303030303030165,-20.363636363636367,-10,0
2016,137,3196,59,3107,61,A,0,5,60.77100271337492,0.7333333333333333,8.7,12,56.08365180193142,0.8709677419354839,18.677419354838708,-7,4.687350911443502,-0.1376344086021506,-9.977419354838709,-2,0
2016,137,3308,52,3113,74,H,0,15,53.07364489774414,0.8571428571428571,8.964285714285714,2,65.26361243733562,0.8064516129032258,9.258064516129032,13,-12.189967539591485,0.05069124423963134,-0.2937788018433185,-22,0
2016,137,3385,57,3120,68,N,0,8,59.600885831330665,0.71875,6.8125,9,59.21142956057187,0.6129032258064516,3.032258064516129,-1,0.3894562707587923,0.10584677419354838,3.780241935483871,-11,0
2016,137,3225,59,3124,89,H,0,16,52.822247173230174,0.7096774193548387,10.612903225806452,1,73.33918643546855,0.9705882352941176,24.61764705882353,15,-20.516939262238374,-0.2609108159392789,-14.004743833017077,-30,0
2016,137,3241,67,3177,97,N,0,11,60.888366035651195,0.84375,15.40625,6,63.289730686522894,0.7575757575757576,16.272727272727273,5,-2.401364650871699,0.08617424242424243,-0.8664772727272734,-30,0
2016,137,3203,51,3243,56,N,0,8,60.95394234210178,0.8125,9.65625,9,59.81866928952002,0.6,3.933333333333333,-1,1.1352730525817663,0.21250000000000002,5.722916666666666,-5,0
2016,137,3146,60,3257,87,H,0,14,50.4732992846028,0.8888888888888888,9.11111111111111,3,66.47162732336363,0.78125,12.71875,11,-15.998328038760832,0.10763888888888884,-3.6076388888888893,-27,0
2016,137,3125,60,3277,74,N,0,13,50.831160244338314,0.7333333333333333,10.266666666666667,4,64.21554817887399,0.75,11.8125,9,-13.384387934535674,-0.01666666666666672,-1.5458333333333325,-14,0
2016,137,3151,50,3280,60,H,0,12,59.022958876879926,0.7741935483870968,5.32258064516129,5,63.66676317027446,0.7878787878787878,15.93939393939394,7,-4.643804293394531,-0.013685239491691092,-10.61681329423265,-10,0
2016,137,3138,69,3326,88,H,0,14,52.72877789409748,0.6060606060606061,1.0606060606060606,3,65.50880685413443,0.7741935483870968,12.258064516129032,11,-12.780028960036951,-0.16813294232649068,-11.197458455522971,-19,0
2016,137,3407,31,3333,73,H,0,15,50.520116741098256,0.6,3.033333333333333,2,66.65077501015394,0.875,15.5,13,-16.13065826905568,-0.275,-12.466666666666667,-42,0
2016,137,3239,41,3376,77,H,0,16,50.291786235207624,0.6666666666666666,10,1,72.60694599976851,0.96875,17.90625,15,-22.31515976456089,-0.30208333333333337,-7.90625,-36,0
2016,137,3329,54,3382,65,N,0,7,62.59347269938771,0.7,7.6,10,55.26016731824565,0.7666666666666667,7.966666666666667,-3,7.333305381142061,-0.06666666666666676,-0.36666666666666714,-11,0
2016,137,3119,56,3393,73,H,0,13,56.007623520056626,0.9333333333333332,20.066666666666663,4,65.59920298761988,0.78125,13,9,-9.59157946756325,0.15208333333333324,7.066666666666663,-17,0
2016,137,3453,53,3397,59,N,0,10,60.903648703058685,0.875,14.625,7,63.469353070545296,0.59375,7.0625,3,-2.5657043674866102,0.28125,7.5625,-6,0
2016,137,3343,65,3452,74,N,0,11,60.26702541202528,0.8214285714285714,18.25,6,63.38866518048508,0.7272727272727273,12.545454545454543,5,-3.1216397684597936,0.0941558441558441,5.704545454545457,-9,0
2016,138,3352,49,3163,101,H,0,16,47.08093977284192,0.6129032258064516,3.806451612903226,1,79.53228911269647,1,39.6875,15,-32.45134933985455,-0.3870967741935484,-35.881048387096776,-52,0
2016,138,3371,76,3182,97,N,0,8,59.837152361042726,0.7419354838709677,7.354838709677419,9,58.910641810199955,0.8387096774193549,10.548387096774194,-1,0.9265105508427709,-0.09677419354838712,-3.193548387096775,-21,0
2016,138,3292,55,3199,72,N,0,12,57.72903324775584,0.75,8.8125,5,65.35455455676015,0.7666666666666667,17.066666666666666,7,-7.625521309004313,-0.01666666666666672,-8.254166666666666,-17,0
2016,138,3208,58,3231,62,N,0,8,61.13457783504339,0.7,10.266666666666667,9,60.11019615395973,0.6451612903225806,4.225806451612903,-1,1.0243816810836606,0.05483870967741933,6.0408602150537645,-4,0
2016,138,3421,31,3246,85,H,0,14,48.49784885908212,0.8,8.833333333333334,3,65.85906067651274,0.7666666666666667,13.433333333333334,11,-17.361211817430622,0.033333333333333326,-4.6,-54,0
2016,138,3233,58,3268,74,H,0,15,52.69430888743309,0.6764705882352942,5.970588235294118,2,70.96778305303836,0.9090909090909092,24.03030303030303,13,-18.273474165605272,-0.23262032085561501,-18.059714795008915,-16,0
2016,138,3140,69,3281,78,N,0,7,60.378527032118406,0.8064516129032258,6.903225806451613,10,59.62834147559768,0.7,10.5,-3,0.7501855565207265,0.1064516129032258,-3.596774193548387,-9,0
2016,138,3299,61,3323,95,H,0,16,48.96219885382997,0.6071428571428571,4.107142857142857,1,76.99009487547103,0.96875,19.125,15,-28.027896021641062,-0.3616071428571429,-15.017857142857142,-34,0
2016,138,3345,45,3328,61,N,0,11,59.832845192214954,0.6451612903225806,6.516129032258065,6,63.37020488271194,0.6774193548387096,8.32258064516129,5,-3.5373596904969844,-0.032258064516129004,-1.806451612903225,-16,0
2016,138,3274,71,3355,74,N,0,5,62.612725544644064,0.75,10.4375,12,58.322975857067114,0.8125,10.8125,-7,4.2897496875769505,-0.0625,-0.375,-3,0
2016,138,3161,45,3378,48,N,0,11,59.17358657300348,0.9666666666666668,15.666666666666666,6,62.35732832968221,0.71875,11.40625,5,-3.183741756678728,0.24791666666666679,4.260416666666666,-3,0
2016,138,3362,58,3390,85,H,0,13,56.08343997221028,0.6333333333333333,3,4,66.01538889304587,0.7741935483870968,13.67741935483871,9,-9.931948920835588,-0.14086021505376345,-10.67741935483871,-27,0
2016,138,3106,42,3400,86,H,0,15,46.005973136839366,0.6206896551724138,4,2,67.55131028285453,0.875,15,13,-21.545337146015164,-0.2543103448275862,-11,-44,0
2016,138,3283,65,3401,74,H,0,13,55.85923264821803,0.71875,7.375,4,63.41920749006239,0.7,9.8,9,-7.559974841844358,0.018750000000000044,-2.4250000000000007,-9,0
2016,138,3218,50,3417,66,H,0,14,54.8966300224219,0.6774193548387096,5.935483870967742,3,63.16337874628379,0.75,10.34375,11,-8.266748723861888,-0.07258064516129037,-4.408266129032258,-16,0
2016,138,3335,53,3449,65,N,0,10,57.3587754975096,0.8518518518518519,10.51851851851852,7,61.519539051565545,0.6875,8.78125,3,-4.160763554055947,0.16435185185185186,1.7372685185185208,-12,0
2016,139,3120,52,3124,84,H,0,9,59.21142956057187,0.6129032258064516,3.032258064516129,1,73.33918643546855,0.9705882352941176,24.61764705882353,8,-14.127756874896676,-0.357685009487666,-21.5853889943074,-32,0
2016,139,3257,72,3177,73,A,0,3,66.47162732336363,0.78125,12.71875,6,63.289730686522894,0.7575757575757576,16.272727272727273,-3,3.18189663684074,0.02367424242424243,-3.5539772727272734,-1,0
2016,139,3277,72,3280,74,A,0,4,64.21554817887399,0.75,11.8125,5,63.66676317027446,0.7878787878787878,15.93939393939394,-1,0.5487850085995305,-0.037878787878787845,-4.1268939393939394,-2,0
2016,139,3452,81,3326,88,H,0,6,63.38866518048508,0.7272727272727273,12.545454545454543,3,65.50880685413443,0.7741935483870968,12.258064516129032,3,-2.120141673649357,-0.04692082111436946,0.28739002932551116,-7,0
2016,139,3382,40,3333,69,H,0,10,55.26016731824565,0.7666666666666667,7.966666666666667,2,66.65077501015394,0.875,15.5,8,-11.390607691908286,-0.10833333333333328,-7.533333333333333,-29,0
2016,139,3243,47,3376,73,H,0,9,59.81866928952002,0.6,3.933333333333333,1,72.60694599976851,0.96875,17.90625,8,-12.788276710248496,-0.36875,-13.972916666666666,-26,0
2016,139,3107,59,3393,76,H,0,12,56.08365180193142,0.8709677419354839,18.677419354838708,4,65.59920298761988,0.78125,13,8,-9.515551185688459,0.08971774193548387,5.677419354838708,-17,0
2016,139,3113,64,3397,75,A,0,2,65.26361243733562,0.8064516129032258,9.258064516129032,7,63.469353070545296,0.59375,7.0625,-5,1.7942593667903282,0.21270161290322576,2.195564516129032,-11,0
2016,140,3182,51,3163,97,H,0,9,58.910641810199955,0.8387096774193549,10.548387096774194,1,79.53228911269647,1,39.6875,8,-20.62164730249652,-0.16129032258064513,-29.139112903225808,-46,0
2016,140,3401,56,3199,74,A,0,4,63.41920749006239,0.7,9.8,5,65.35455455676015,0.7666666666666667,17.066666666666666,-1,-1.9353470666977586,-0.06666666666666676,-7.266666666666666,-18,0
2016,140,3328,58,3246,79,H,0,6,63.37020488271194,0.6774193548387096,8.32258064516129,3,65.85906067651274,0.7666666666666667,13.433333333333334,3,-2.488855793800802,-0.08924731182795709,-5.1107526881720435,-21,0
2016,140,3231,70,3323,87,H,0,9,60.11019615395973,0.6451612903225806,4.225806451612903,1,76.99009487547103,0.96875,19.125,8,-16.879898721511303,-0.3235887096774194,-14.899193548387096,-17,0
2016,140,3355,65,3390,66,H,0,12,58.322975857067114,0.8125,10.8125,4,66.01538889304587,0.7741935483870968,13.67741935483871,8,-7.692413035978753,0.03830645161290325,-2.86491935483871,-1,0
2016,140,3281,55,3400,73,H,0,10,59.62834147559768,0.7,10.5,2,67.55131028285453,0.875,15,8,-7.922968807256851,-0.17500000000000004,-4.5,-18,0
2016,140,3378,67,3417,72,H,0,6,62.35732832968221,0.71875,11.40625,3,63.16337874628379,0.75,10.34375,3,-0.806050416601579,-0.03125,1.0625,-5,0
2016,140,3268,65,3449,74,A,0,2,70.96778305303836,0.9090909090909092,24.03030303030303,7,61.519539051565545,0.6875,8.78125,-5,9.448244001472816,0.22159090909090917,15.249053030303031,-9,0
2016,144,3323,84,3390,90,N,0,1,76.99009487547103,0.96875,19.125,4,66.01538889304587,0.7741935483870968,13.67741935483871,-3,10.974705982425164,0.19455645161290325,5.44758064516129,-6,0
2016,144,3376,72,3393,80,N,0,1,72.60694599976851,0.96875,17.90625,4,65.59920298761988,0.78125,13,-3,7.007743012148637,0.1875,4.90625,-8,0
2016,144,3326,62,3397,78,N,0,3,65.50880685413443,0.7741935483870968,12.258064516129032,7,63.469353070545296,0.59375,7.0625,-4,2.0394537835891384,0.18044354838709675,5.195564516129032,-16,0
2016,144,3246,72,3449,85,N,0,3,65.85906067651274,0.7666666666666667,13.433333333333334,7,61.519539051565545,0.6875,8.78125,-4,4.339521624947196,0.07916666666666672,4.652083333333334,-13,0
2016,145,3199,58,3124,78,N,0,5,65.35455455676015,0.7666666666666667,17.066666666666666,1,73.33918643546855,0.9705882352941176,24.61764705882353,4,-7.984631878708399,-0.20392156862745092,-7.550980392156863,-20,0
2016,145,3280,38,3163,98,N,0,5,63.66676317027446,0.7878787878787878,15.93939393939394,1,79.53228911269647,1,39.6875,4,-15.865525942422018,-0.21212121212121215,-23.748106060606062,-60,0
2016,145,3177,71,3333,83,N,0,6,63.289730686522894,0.7575757575757576,16.272727272727273,2,66.65077501015394,0.875,15.5,4,-3.3610443236310417,-0.11742424242424243,0.7727272727272734,-12,0
2016,145,3417,64,3400,72,N,0,3,63.16337874628379,0.75,10.34375,2,67.55131028285453,0.875,15,1,-4.38793153657074,-0.125,-4.65625,-8,0
2016,146,3397,67,3393,89,N,0,7,63.469353070545296,0.59375,7.0625,4,65.59920298761988,0.78125,13,3,-2.12984991707458,-0.1875,-5.9375,-22,0
2016,146,3390,76,3449,85,N,0,4,66.01538889304587,0.7741935483870968,13.67741935483871,7,61.519539051565545,0.6875,8.78125,-3,4.495849841480322,0.08669354838709675,4.89616935483871,-9,0
2016,147,3400,65,3163,86,N,0,2,67.55131028285453,0.875,15,1,79.53228911269647,1,39.6875,1,-11.980978829841945,-0.125,-24.6875,-21,0
2016,147,3124,57,3333,60,N,0,1,73.33918643546855,0.9705882352941176,24.61764705882353,2,66.65077501015394,0.875,15.5,-1,6.688411425314612,0.09558823529411764,9.117647058823529,-3,0
2016,153,3333,51,3163,80,N,0,2,66.65077501015394,0.875,15.5,1,79.53228911269647,1,39.6875,1,-12.881514102542539,-0.125,-24.1875,-29,0
2016,153,3449,59,3393,80,N,0,7,61.519539051565545,0.6875,8.78125,4,65.59920298761988,0.78125,13,3,-4.079663936054331,-0.09375,-4.21875,-21,0
2016,155,3393,51,3163,82,N,0,4,65.59920298761988,0.78125,13,1,79.53228911269647,1,39.6875,3,-13.9330861250766,-0.21875,-26.6875,-31,0
2017,137,3277,61,3113,73,N,0,9,62.049123543562914,0.65625,7.03125,8,62.26652595304697,0.6129032258064516,6.161290322580645,1,-0.21740240948405898,0.043346774193548376,0.869959677419355,-12,0
2017,137,3405,49,3166,76,N,0,10,56.142668643453305,0.75,8.28125,7,60.393168750094645,0.7666666666666667,8.066666666666666,3,-4.25050010664134,-0.01666666666666672,0.21458333333333357,-27,0
2017,137,3320,67,3177,88,N,0,10,56.24462566013785,0.7419354838709677,9.387096774193548,7,63.88042936871496,0.7878787878787878,13.727272727272728,3,-7.635803708577107,-0.045943304007820096,-4.34017595307918,-21,0
2017,137,3442,66,3199,87,H,0,14,53.74637537926373,0.8,9.8,3,66.19714277626696,0.8064516129032258,21.806451612903224,11,-12.450767397003226,-0.006451612903225712,-12.006451612903223,-21,0
2017,137,3125,70,3246,73,H,0,13,54.16970497377458,0.8387096774193549,12.096774193548388,4,64.83581717494543,0.6774193548387096,8.193548387096774,9,-10.666112201170854,0.16129032258064524,3.903225806451614,-3,0
2017,137,3137,61,3268,103,H,0,14,54.837917567782235,0.84375,9.9375,3,70.93695288456072,0.9375,25.4375,11,-16.09903531677849,-0.09375,-15.5,-42,0
2017,137,3407,69,3280,110,H,0,15,51.2016937500973,0.6666666666666666,8.266666666666667,2,66.78894184383827,0.8787878787878788,19.454545454545453,13,-15.587248093740975,-0.21212121212121215,-11.187878787878786,-41,0
2017,137,3378,64,3281,66,N,0,11,61.68283751397516,0.75,9.3125,6,61.988291019378586,0.6774193548387096,4.645161290322581,5,-0.30545350540342753,0.07258064516129037,4.667338709677419,-2,0
2017,137,3120,48,3301,62,N,0,11,58.383822523276635,0.5483870967741935,2.225806451612903,6,61.89826659189828,0.7333333333333333,12.466666666666669,5,-3.5144440686216427,-0.18494623655913978,-10.240860215053765,-14,0
2017,137,3352,49,3323,79,H,0,16,47.82632104361417,0.6774193548387096,6.645161290322581,1,75.15727692545222,0.9090909090909092,18.21212121212121,15,-27.33095588183805,-0.23167155425219954,-11.566959921798631,-30,0
2017,137,3443,63,3326,70,N,0,12,59.326657184590864,0.8181818181818182,13.757575757575758,5,66.54729930267186,0.8125,15.5625,7,-7.220642118080995,0.005681818181818232,-1.8049242424242422,-7,0
2017,137,3253,55,3333,56,H,0,15,54.25019934621265,0.6875,2.46875,2,68.43667871427212,0.8787878787878788,12.272727272727272,13,-14.186479368059466,-0.19128787878787878,-9.803977272727272,-1,0
2017,137,3453,62,3345,74,N,0,8,59.562642693482715,0.84375,18.65625,9,61.709645200069495,0.6470588235294118,7.823529411764706,-1,-2.14700250658678,0.1966911764705882,10.832720588235293,-12,0
2017,137,3421,40,3376,90,H,0,16,46.86285147091196,0.5625,2.3125,1,71.59634635433424,0.8709677419354839,19.258064516129032,15,-24.73349488342228,-0.3084677419354839,-16.945564516129032,-50,0
2017,137,3146,50,3400,78,H,0,14,53.234199236425255,0.8461538461538461,11.73076923076923,3,67.49820465931222,0.7419354838709677,12.35483870967742,11,-14.264005422886967,0.1042183622828784,-0.62406947890819,-28,0
2017,137,3189,62,3452,75,N,0,11,57.85828349020073,0.8125,11.21875,6,63.93738816155109,0.696969696969697,12.545454545454543,5,-6.079104671350358,0.11553030303030298,-1.3267045454545432,-13,0
2017,138,3411,30,3124,119,H,0,16,47.374786421302375,0.7096774193548387,4.645161290322581,1,72.59182764290338,0.9090909090909092,32.57575757575758,15,-25.217041221601008,-0.19941348973607043,-27.930596285434998,-89,0
2017,138,3261,52,3143,55,N,0,8,59.738372845218954,0.6451612903225806,4.709677419354839,9,59.57682899571769,0.59375,5.03125,-1,0.161543849501264,0.05141129032258063,-0.32157258064516103,-3,0
2017,138,3107,55,3163,116,H,0,16,53.40994113675426,0.6451612903225806,3.645161290322581,1,80.68662574312637,1,32.8125,15,-27.276684606372108,-0.3548387096774194,-29.16733870967742,-61,0
2017,138,3214,31,3181,94,H,0,15,48.41005222828113,0.625,2.15625,2,66.6770958755199,0.84375,17.71875,13,-18.267043647238765,-0.21875,-15.5625,-63,0
2017,138,3179,54,3243,67,H,0,10,59.03432062566422,0.8709677419354839,16.93548387096774,7,63.07674664194064,0.6875,5.59375,3,-4.042426016276416,0.18346774193548387,11.34173387096774,-13,0
2017,138,3151,62,3257,82,H,0,13,57.00691514823173,0.6774193548387096,5.645161290322581,4,66.8919608619107,0.7941176470588235,14.882352941176473,9,-9.885045713678977,-0.11669829222011385,-9.237191650853891,-20,0
2017,138,3195,60,3274,62,H,0,13,56.98239681186595,0.75,14.4375,4,64.02496966554274,0.7419354838709677,9.64516129032258,9,-7.042572853676795,0.008064516129032251,4.79233870967742,-2,0
2017,138,3211,62,3328,75,N,0,11,59.176506840254525,0.8125,14.5,6,63.89701590855645,0.7096774193548387,5.096774193548387,5,-4.720509068301922,0.10282258064516125,9.403225806451612,-13,0
2017,138,3396,70,3332,71,N,0,7,60.42743632874962,0.7741935483870968,9.580645161290322,10,60.0361748688392,0.6060606060606061,6.151515151515151,-3,0.3912614599104245,0.16813294232649068,3.4291300097751707,-1,0
2017,138,3266,65,3346,68,N,0,5,60.90666007255387,0.78125,9,12,56.323736460100065,0.8181818181818182,11.575757575757576,-7,4.582923612453804,-0.03693181818181823,-2.575757575757576,-3,0
2017,138,3308,64,3390,72,N,0,15,54.004289333547035,0.7857142857142857,7.928571428571429,2,67.79356463382196,0.8484848484848485,16.575757575757574,13,-13.789275300274923,-0.06277056277056281,-8.647186147186146,-8,0
2017,138,3235,65,3393,85,N,0,9,60.29018559355303,0.6,5.833333333333333,8,64.47135156179112,0.6774193548387096,12.35483870967742,1,-4.181165968238091,-0.07741935483870965,-6.521505376344087,-20,0
2017,138,3173,57,3397,66,N,0,12,58.9161390236365,0.7096774193548387,6.580645161290323,5,63.140966546482304,0.6333333333333333,8,7,-4.224827522845807,0.07634408602150544,-1.419354838709677,-9,0
2017,138,3335,61,3401,63,N,0,12,57.140657674811656,0.75,8.285714285714286,5,62.27980677157945,0.65625,6.90625,7,-5.139149096767795,0.09375,1.3794642857142865,-2,0
2017,138,3129,56,3417,83,H,0,13,55.48235309565872,0.7666666666666667,5.266666666666667,4,65.13201266940362,0.7419354838709677,9.935483870967742,9,-9.649659573744898,0.02473118279569897,-4.668817204301075,-27,0
2017,138,3286,63,3449,91,H,0,14,54.47291971766335,0.7931034482758621,7.068965517241379,3,65.3224464223777,0.84375,21.625,11,-10.849526704714343,-0.0506465517241379,-14.556034482758621,-28,0
2017,139,3281,55,3199,77,H,0,6,61.988291019378586,0.6774193548387096,4.645161290322581,3,66.19714277626696,0.8064516129032258,21.806451612903224,3,-4.208851756888372,-0.12903225806451613,-17.161290322580644,-22,0
2017,139,3452,56,3268,83,H,0,6,63.93738816155109,0.696969696969697,12.545454545454543,3,70.93695288456072,0.9375,25.4375,3,-6.999564723009634,-0.24053030303030298,-12.892045454545457,-27,0
2017,139,3177,71,3280,92,H,0,7,63.88042936871496,0.7878787878787878,13.727272727272728,2,66.78894184383827,0.8787878787878788,19.454545454545453,5,-2.9085124751233167,-0.09090909090909094,-5.727272727272725,-21,0
2017,139,3345,82,3323,88,H,1,9,61.709645200069495,0.6470588235294118,7.823529411764706,1,75.15727692545222,0.9090909090909092,18.21212121212121,8,-13.447631725382728,-0.2620320855614974,-10.388591800356505,-6,0
2017,139,3246,68,3326,82,A,0,4,64.83581717494543,0.6774193548387096,8.193548387096774,5,66.54729930267186,0.8125,15.5625,-1,-1.711482127726427,-0.13508064516129037,-7.368951612903226,-14,0
2017,139,3166,52,3333,64,H,0,7,60.393168750094645,0.7666666666666667,8.066666666666666,2,68.43667871427212,0.8787878787878788,12.272727272727272,5,-8.043509964177474,-0.11212121212121207,-4.206060606060605,-12,0
2017,139,3113,68,3376,71,H,0,8,62.26652595304697,0.6129032258064516,6.161290322580645,1,71.59634635433424,0.8709677419354839,19.258064516129032,7,-9.329820401287272,-0.25806451612903225,-13.096774193548388,-3,0
2017,139,3301,80,3400,84,H,0,6,61.89826659189828,0.7333333333333333,12.466666666666669,3,67.49820465931222,0.7419354838709677,12.35483870967742,3,-5.5999380674139445,-0.008602150537634468,0.11182795698924863,-4,0
2017,140,3143,46,3124,86,H,0,9,59.57682899571769,0.59375,5.03125,1,72.59182764290338,0.9090909090909092,32.57575757575758,8,-13.014998647185692,-0.31534090909090917,-27.544507575757578,-40,0
2017,140,3393,64,3163,94,H,0,8,64.47135156179112,0.6774193548387096,12.35483870967742,1,80.68662574312637,1,32.8125,7,-16.215274181335246,-0.32258064516129037,-20.45766129032258,-30,0
2017,140,3397,64,3257,75,H,0,5,63.140966546482304,0.6333333333333333,8,4,66.8919608619107,0.7941176470588235,14.882352941176473,1,-3.7509943154284002,-0.16078431372549018,-6.882352941176473,-11,0
2017,140,3181,65,3332,74,A,0,2,66.6770958755199,0.84375,17.71875,10,60.0361748688392,0.6060606060606061,6.151515151515151,-8,6.640921006680699,0.23768939393939392,11.567234848484848,-9,0
2017,140,3274,78,3346,85,A,0,4,64.02496966554274,0.7419354838709677,9.64516129032258,12,56.323736460100065,0.8181818181818182,11.575757575757576,-8,7.701233205442676,-0.07624633431085048,-1.930596285434996,-7,0
2017,140,3243,48,3390,69,A,0,7,63.07674664194064,0.6875,5.59375,2,67.79356463382196,0.8484848484848485,16.575757575757574,5,-4.716817991881321,-0.1609848484848485,-10.982007575757574,-21,0
2017,140,3401,43,3417,75,H,0,5,62.27980677157945,0.65625,6.90625,4,65.13201266940362,0.7419354838709677,9.935483870967742,1,-2.8522058978241702,-0.08568548387096775,-3.029233870967742,-32,0
2017,140,3328,82,3449,108,H,0,6,63.89701590855645,0.7096774193548387,5.096774193548387,3,65.3224464223777,0.84375,21.625,3,-1.4254305138212473,-0.13407258064516125,-16.528225806451612,-26,0
2017,144,3257,63,3124,97,N,0,4,66.8919608619107,0.7941176470588235,14.882352941176473,1,72.59182764290338,0.9090909090909092,32.57575757575758,3,-5.699866780992679,-0.11497326203208569,-17.693404634581107,-34,0
2017,144,3449,64,3280,75,N,0,3,65.3224464223777,0.84375,21.625,2,66.78894184383827,0.8787878787878788,19.454545454545453,1,-1.4664954214605785,-0.035037878787878785,2.1704545454545467,-11,0
2017,144,3326,76,3323,99,N,0,5,66.54729930267186,0.8125,15.5625,1,75.15727692545222,0.9090909090909092,18.21212121212121,4,-8.609977622780363,-0.09659090909090917,-2.649621212121211,-23,0
2017,144,3400,66,3390,77,N,0,3,67.49820465931222,0.7419354838709677,12.35483870967742,2,67.79356463382196,0.8484848484848485,16.575757575757574,1,-0.2953599745097364,-0.10654936461388076,-4.220918866080154,-11,0
2017,145,3417,71,3163,86,H,0,4,65.13201266940362,0.7419354838709677,9.935483870967742,1,80.68662574312637,1,32.8125,3,-15.554613073722749,-0.25806451612903225,-22.877016129032256,-15,0
2017,145,3333,53,3199,66,N,0,2,68.43667871427212,0.8787878787878788,12.272727272727272,3,66.19714277626696,0.8064516129032258,21.806451612903224,-1,2.2395359380051616,0.07233626588465303,-9.533724340175953,-13,0
2017,145,3268,63,3332,77,N,0,3,70.93695288456072,0.9375,25.4375,10,60.0361748688392,0.6060606060606061,6.151515151515151,-7,10.900778015721528,0.3314393939393939,19.285984848484848,-14,0
2017,145,3346,58,3376,100,N,0,12,56.323736460100065,0.8181818181818182,11.575757575757576,1,71.59634635433424,0.8709677419354839,19.258064516129032,11,-15.27260989423418,-0.05278592375366564,-7.682306940371456,-42,0
2017,146,3124,85,3280,94,N,1,1,72.59182764290338,0.9090909090909092,32.57575757575758,2,66.78894184383827,0.8787878787878788,19.454545454545453,-1,5.802885799065109,0.030303030303030387,13.121212121212125,-9,0
2017,146,3323,75,3390,76,N,0,1,75.15727692545222,0.9090909090909092,18.21212121212121,2,67.79356463382196,0.8484848484848485,16.575757575757574,-1,7.363712291630264,0.06060606060606066,1.6363636363636367,-1,0
2017,147,3332,52,3163,90,H,0,10,60.0361748688392,0.6060606060606061,6.151515151515151,1,80.68662574312637,1,32.8125,9,-20.650450874287174,-0.3939393939393939,-26.660984848484848,-38,0
2017,147,3199,64,3376,71,N,0,3,66.19714277626696,0.8064516129032258,21.806451612903224,1,71.59634635433424,0.8709677419354839,19.258064516129032,2,-5.3992035780672865,-0.06451612903225812,2.548387096774192,-7,0
2017,151,3163,64,3280,66,N,1,1,80.68662574312637,1,32.8125,2,66.78894184383827,0.8787878787878788,19.454545454545453,-1,13.897683899288097,0.12121212121212122,13.357954545454547,-2,0
2017,151,3390,53,3376,62,N,0,2,67.79356463382196,0.8484848484848485,16.575757575757574,1,71.59634635433424,0.8709677419354839,19.258064516129032,1,-3.802781720512286,-0.022482893450635366,-2.6823069403714577,-9,0
2017,153,3280,55,3376,67,N,0,2,66.78894184383827,0.8787878787878788,19.454545454545453,1,71.59634635433424,0.8709677419354839,19.258064516129032,1,-4.807404510495971,0.00782013685239491,0.19648093841642122,-12,0
2018,137,3212,46,3124,96,H,0,15,45.82749935583725,0.59375,-0.09375,2,73.60893075303952,0.96875,30.6875,13,-27.78143139720227,-0.375,-30.78125,-50,0
2018,137,3328,79,3177,90,N,0,12,62.0113063047289,0.5333333333333333,3.8,5,64.0833506161528,0.7878787878787878,12.545454545454543,7,-2.0720443114239018,-0.2545454545454545,-8.745454545454542,-11,0
2018,137,3129,42,3257,74,H,0,16,56.023033383393994,0.7,5.8,1,71.1289290198359,0.9411764705882352,19.647058823529413,15,-15.1058956364419,-0.24117647058823521,-13.847058823529412,-32,0
2018,137,3173,65,3266,84,N,0,9,59.45575443204066,0.7931034482758621,12.241379310344827,8,61.3997324104698,0.71875,10,1,-1.9439779784291389,0.0743534482758621,2.2413793103448274,-19,0
2018,137,3343,57,3268,77,N,0,12,58.12307348359074,0.8275862068965517,13.655172413793103,5,67.391725092470665,0.78125,16.28125,7,-9.268651608879928,0.04633620689655171,-2.626077586206897,-20,0
2018,137,3294,61,3276,75,N,0,10,56.02664965421662,0.8125,6.96875,7,61.047310257643154,0.7096774193548387,13.483870967741936,3,-5.020660603426535,0.10282258064516125,-6.515120967741936,-14,0
2018,137,3453,77,3278,89,N,0,7,61.37232797324646,0.90625,19.125,10,61.52293512094992,0.7419354838709677,11.290322580645162,-3,-0.15060714770345385,0.16431451612903225,7.834677419354838,-12,0
2018,137,3189,35,3301,62,H,0,13,58.437197641897995,0.7741935483870968,13.870967741935484,4,63.868661408022106,0.75,9.59375,9,-5.431463766124111,0.024193548387096753,4.277217741935484,-27,0
2018,137,3169,81,3323,99,H,0,16,50.879712649017506,0.5454545454545454,0.8181818181818182,1,74.5140985174168,0.90625,18.5625,15,-23.634385868399292,-0.3607954545454546,-17.744318181818183,-18,0
2018,137,3370,45,3332,88,H,0,15,48.25161408867486,0.5625,0.96875,2,68.29631585892841,0.8823529411764706,18.823529411764707,13,-20.044701770253546,-0.31985294117647056,-17.854779411764707,-43,0
2018,137,3443,58,3333,82,N,0,11,57.75185710710328,0.7419354838709677,12.612903225806452,6,66.79808533773343,0.7666666666666667,15.5,5,-9.046228230630149,-0.02473118279569897,-2.887096774193548,-24,0
2018,137,3299,52,3376,63,H,0,15,48.74973849171096,0.7241379310344828,5.931034482758621,2,71.49182393395594,0.8125,15.53125,13,-22.742085442244985,-0.08836206896551724,-9.600215517241379,-11,0
2018,137,3251,60,3397,100,H,0,14,50.01736768603748,0.7096774193548387,8.935483870967742,3,65.45706272256035,0.7741935483870968,13.064516129032258,11,-15.43969503652287,-0.06451612903225801,-4.129032258064516,-40,0
2018,137,3179,76,3401,89,H,0,13,58.56905636239968,0.78125,13.9375,4,64.05152840433749,0.7272727272727273,9.757575757575758,9,-5.482472041937811,0.05397727272727271,4.179924242424242,-13,0
2018,137,3355,74,3437,81,N,1,8,59.26547895719155,0.8064516129032258,16.838709677419356,9,58.966720963476945,0.7333333333333333,7.566666666666666,-1,0.2987579937146023,0.07311827956989247,9.27204301075269,-7,0
2018,137,3143,62,3438,68,N,0,7,62.4289660201952,0.6774193548387096,3.3870967741935485,10,61.34094883244389,0.5806451612903226,1.096774193548387,-3,1.088017187751305,0.09677419354838701,2.2903225806451615,-6,0
2018,138,3304,62,3113,73,N,0,10,59.85821202769477,0.6774193548387096,5.67741935483871,7,62.48489581223195,0.6363636363636364,10.909090909090908,3,-2.626683784537178,0.04105571847507328,-5.231671554252198,-11,0
2018,138,3378,79,3138,102,N,0,6,63.36516166765553,0.7878787878787878,13.303030303030305,11,58.09326748433466,0.84375,13.3125,-5,5.2718941833208675,-0.055871212121212155,-0.009469696969695462,-23,0
2018,138,3261,69,3141,78,N,0,6,61.78042187759384,0.6785714285714286,5.178571428571429,11,60.02664976353655,0.8709677419354839,11.064516129032258,-5,1.7537721140572913,-0.19239631336405527,-5.885944700460829,-9,0
2018,138,3384,52,3163,140,H,0,16,48.54635145344086,0.71875,8.96875,1,80.65153701094945,1,36.90625,15,-32.10518555750859,-0.28125,-27.9375,-88,0
2018,138,3234,70,3166,76,N,0,6,62.13386029619273,0.7741935483870968,10.32258064516129,11,59.14855694285896,0.6,2.933333333333333,-5,2.9853033533337694,0.17419354838709677,7.3892473118279565,-6,0
2018,138,3125,58,3181,72,N,0,12,57.13243746577466,0.9090909090909092,17.666666666666668,5,64.91818894250551,0.7333333333333333,12.833333333333334,7,-7.7857514767308516,0.1757575757575759,4.833333333333334,-14,0
2018,138,3281,70,3195,80,N,0,5,63.74532350805619,0.7741935483870968,9.35483870967742,12,58.92073335272326,0.8709677419354839,17.29032258064516,-7,4.824590155332928,-0.09677419354838712,-7.93548387096774,-10,0
2018,138,3114,49,3199,91,H,0,14,55.55870318556415,0.71875,7.375,3,67.1989718493137,0.8064516129032258,17.096774193548388,11,-11.640268663749545,-0.08770161290322576,-9.721774193548388,-42,0
2018,138,3273,63,3208,68,H,0,13,58.05624752112005,0.9375,16.4375,4,63.72672764967074,0.8064516129032258,10.64516129032258,9,-5.670480128550693,0.13104838709677424,5.79233870967742,-5,0
2018,138,3311,50,3280,95,H,0,16,46.50458594200458,0.5517241379310345,-0.10344827586206896,1,71.43792186684426,0.9696969696969696,26.303030303030305,15,-24.93333592483968,-0.41797283176593514,-26.406478578892372,-45,0
2018,138,3203,45,3326,87,H,0,14,57.107960477063465,0.59375,2.5625,3,67.30874769714167,0.8181818181818182,13.969696969696969,11,-10.200787220078205,-0.22443181818181823,-11.407196969696969,-42,0
2018,138,3393,57,3329,84,N,0,8,63.23567397938038,0.7333333333333333,7.633333333333334,9,61.726889540619744,0.6666666666666666,11.033333333333331,-1,1.5087844387606353,0.06666666666666665,-3.3999999999999977,-27,0
2018,138,3274,72,3346,86,N,0,8,63.26353923638051,0.6774193548387096,7.645161290322581,9,59.0472146209643,0.84375,14.03125,-1,4.216324615416212,-0.16633064516129037,-6.386088709677419,-14,0
2018,138,3211,68,3390,82,H,0,13,60.103874103171194,0.84375,13.65625,4,67.00775283168933,0.6875,6.4375,9,-6.903878728518137,0.15625,7.21875,-14,0
2018,138,3263,54,3400,83,H,0,15,53.490518507274224,0.7,7.4,2,68.46868498553307,0.8125,16.96875,13,-14.97816647825885,-0.11250000000000004,-9.56875,-29,0
2018,138,3110,60,3417,71,H,0,14,52.93549532726027,0.8125,6.9375,3,66.6807359126053,0.7741935483870968,12.64516129032258,11,-13.74524058534503,0.03830645161290325,-5.70766129032258,-11,0
2018,139,3276,58,3124,80,H,0,7,61.047310257643154,0.7096774193548387,13.483870967741936,2,73.60893075303952,0.96875,30.6875,5,-12.561620495396362,-0.25907258064516125,-17.203629032258064,-22,0
2018,139,3266,72,3257,90,H,0,8,61.3997324104698,0.71875,10,1,71.1289290198359,0.9411764705882352,19.647058823529413,7,-9.729196609366092,-0.22242647058823517,-9.647058823529413,-18,0
2018,139,3268,60,3301,74,H,0,5,67.391725092470665,0.78125,16.28125,4,63.868661408022106,0.75,9.59375,1,3.5230636844485588,0.03125,6.6875,-14,0
2018,139,3437,72,3323,98,H,0,9,58.966720963476945,0.7333333333333333,7.566666666666666,1,74.5140985174168,0.90625,18.5625,8,-15.547377553939853,-0.17291666666666672,-10.995833333333334,-26,0
2018,139,3278,73,3332,101,H,0,10,61.52293512094992,0.7419354838709677,11.290322580645162,2,68.29631585892841,0.8823529411764706,18.823529411764707,8,-6.773380737978492,-0.1404174573055028,-7.533206831119545,-28,0
2018,139,3397,59,3333,66,A,0,3,65.45706272256035,0.7741935483870968,13.064516129032258,6,66.79808533773343,0.7666666666666667,15.5,-3,-1.341022615173074,0.007526881720430034,-2.435483870967742,-7,0
2018,139,3438,56,3376,66,H,0,10,61.34094883244389,0.5806451612903226,1.096774193548387,2,71.49182393395594,0.8125,15.53125,8,-10.15087510151205,-0.23185483870967738,-14.434475806451612,-10,0
2018,139,3177,79,3401,80,H,0,5,64.0833506161528,0.7878787878787878,12.545454545454543,4,64.05152840433749,0.7272727272727273,9.757575757575758,1,0.0318222118153102,0.06060606060606055,2.7878787878787854,-1,0
2018,140,3199,65,3138,86,A,0,3,67.1989718493137,0.8064516129032258,17.096774193548388,11,58.09326748433466,0.84375,13.3125,-8,9.105704364979033,-0.037298387096774244,3.784274193548388,-21,0
2018,140,3326,78,3141,95,A,0,3,67.30874769714167,0.8181818181818182,13.969696969696969,11,60.02664976353655,0.8709677419354839,11.064516129032258,-8,7.282097933605122,-0.05278592375366564,2.905180840664711,-17,0
2018,140,3346,46,3163,71,H,0,9,59.0472146209643,0.84375,14.03125,1,80.65153701094945,1,36.90625,8,-21.604322389985157,-0.15625,-22.875,-25,0
2018,140,3208,40,3181,66,A,0,4,63.72672764967074,0.8064516129032258,10.64516129032258,5,64.91818894250551,0.7333333333333333,12.833333333333334,-1,-1.1914612928347665,0.07311827956989247,-2.188172043010754,-26,0
2018,140,3329,56,3280,71,H,0,9,61.726889540619744,0.6666666666666666,11.033333333333331,1,71.43792186684426,0.9696969696969696,26.303030303030305,8,-9.711032326224519,-0.303030303030303,-15.269696969696973,-15,0
2018,140,3195,70,3390,90,H,0,12,58.92073335272326,0.8709677419354839,17.29032258064516,4,67.00775283168933,0.6875,6.4375,8,-8.08701947896607,0.18346774193548387,10.85282258064516,-20,0
2018,140,3113,65,3400,85,H,0,7,62.48489581223195,0.6363636363636364,10.909090909090908,2,68.46868498553307,0.8125,16.96875,5,-5.983789173301126,-0.17613636363636365,-6.059659090909092,-20,0
2018,140,3166,64,3417,86,H,0,11,59.14855694285896,0.6,2.933333333333333,3,66.6807359126053,0.7741935483870968,12.64516129032258,8,-7.53217896974634,-0.17419354838709677,-9.711827956989247,-22,0
2018,144,3390,59,3257,86,H,0,4,67.00775283168933,0.6875,6.4375,1,71.1289290198359,0.9411764705882352,19.647058823529413,3,-4.121176188146563,-0.25367647058823517,-13.209558823529413,-27,0
2018,144,3301,57,3280,71,N,0,4,63.868661408022106,0.75,9.59375,1,71.43792186684426,0.9696969696969696,26.303030303030305,3,-7.569260458822157,-0.2196969696969696,-16.709280303030305,-14,0
2018,144,3124,67,3333,72,N,0,2,73.60893075303952,0.96875,30.6875,6,66.79808533773343,0.7666666666666667,15.5,-4,6.8108454153060904,0.20208333333333328,15.1875,-5,0
2018,144,3400,75,3417,84,N,0,2,68.46868498553307,0.8125,16.96875,3,66.6807359126053,0.7741935483870968,12.64516129032258,-1,1.7879490729277734,0.03830645161290325,4.32358870967742,-9,0
2018,145,3181,59,3163,72,N,0,5,64.91818894250551,0.7333333333333333,12.833333333333334,1,80.65153701094945,1,36.90625,4,-15.733348068443945,-0.2666666666666667,-24.072916666666664,-13,0
2018,145,3401,84,3323,90,N,0,4,64.05152840433749,0.7272727272727273,9.757575757575758,1,74.5140985174168,0.90625,18.5625,3,-10.462570113079309,-0.1789772727272727,-8.804924242424242,-6,0
2018,145,3141,69,3332,83,N,0,11,60.02664976353655,0.8709677419354839,11.064516129032258,2,68.29631585892841,0.8823529411764706,18.823529411764707,9,-8.269666095391862,-0.011385199240986688,-7.7590132827324485,-14,0
2018,145,3138,63,3376,79,N,0,11,58.09326748433466,0.84375,13.3125,2,71.49182393395594,0.8125,15.53125,9,-13.398556449621282,0.03125,-2.21875,-16,0
2018,146,3333,43,3257,76,N,0,6,66.79808533773343,0.7666666666666667,15.5,1,71.1289290198359,0.9411764705882352,19.647058823529413,5,-4.3308436821024685,-0.17450980392156845,-4.147058823529413,-33,0
2018,146,3417,73,3280,89,N,0,3,66.6807359126053,0.7741935483870968,12.64516129032258,1,71.43792186684426,0.9696969696969696,26.303030303030305,2,-4.757185954238963,-0.19550342130987286,-13.657869012707724,-16,0
2018,147,3376,65,3163,94,N,0,2,71.49182393395594,0.8125,15.53125,1,80.65153701094945,1,36.90625,1,-9.159713076993512,-0.1875,-21.375,-29,0
2018,147,3332,74,3323,84,N,0,2,68.29631585892841,0.8823529411764706,18.823529411764707,1,74.5140985174168,0.90625,18.5625,1,-6.217782658488389,-0.023897058823529438,0.2610294117647065,-10,0
2018,151,3257,63,3280,73,N,1,1,71.1289290198359,0.9411764705882352,19.647058823529413,1,71.43792186684426,0.9696969696969696,26.303030303030305,0,-0.30899284700836915,-0.028520499108734443,-6.6559714795008915,-10,0
2018,151,3163,89,3323,91,N,1,1,80.65153701094945,1,36.90625,1,74.5140985174168,0.90625,18.5625,0,6.137438493532656,0.09375,18.34375,-2,0
2018,153,3280,58,3323,61,N,0,1,71.43792186684426,0.9696969696969696,26.303030303030305,1,74.5140985174168,0.90625,18.5625,0,-3.0761766505725348,0.06344696969696961,7.7405303030303045,-3,0
2019,137,3416,45,3113,60,N,0,12,61.12845777953367,0.8125,6.03125,5,63.49103434586177,0.6666666666666666,8.1,7,-2.3625765663281015,0.14583333333333337,-2.0687499999999996,-15,0
2019,137,3353,71,3138,82,N,0,7,61.80017319560966,0.7096774193548387,6.483870967741935,10,59.02604615404652,0.71875,9.5,-3,2.7741270415631405,-0.009072580645161255,-3.016129032258065,-11,0
2019,137,3377,66,3155,79,N,0,8,59.03634614800948,0.8387096774193549,16.258064516129032,9,58.18256452936479,0.6129032258064516,2.6129032258064515,-1,0.8537816186446889,0.22580645161290325,13.64516129032258,-13,0
2019,137,3406,61,3163,110,H,0,15,51.50193416561084,0.625,1.5,2,78.90682306402935,0.9393939393939394,28.03030303030303,13,-27.404888898418513,-0.31439393939393945,-26.53030303030303,-49,0
2019,137,3137,67,3199,70,N,0,12,55.693688508506725,0.8484848484848485,15.12121212121212,5,64.85465724601153,0.7419354838709677,7.935483870967742,7,-9.160968737504803,0.10654936461388076,7.185728250244377,-3,0
2019,137,3400,65,3231,69,N,0,7,65.26585897060728,0.71875,8.9375,10,60.04192551646384,0.625,4.375,-3,5.223933454143442,0.09375,4.5625,-4,0
2019,137,3273,61,3234,66,H,0,15,56.87373527195336,0.78125,6.5,2,65.78258496853827,0.8125,12.25,13,-8.908849696584916,-0.03125,-5.75,-5,0
2019,137,3352,34,3257,69,H,0,16,48.617941661126935,0.6774193548387096,7.67741935483871,1,72.35118635733562,0.90625,18.59375,15,-23.733244696208686,-0.22883064516129037,-10.91633064516129,-35,0
2019,137,3349,54,3266,58,N,1,12,58.19963134779857,0.9032258064516128,13.548387096774194,5,62.85913917811962,0.7878787878787878,21.272727272727273,7,-4.659507830321047,0.11534701857282492,-7.724340175953079,-4,0
2019,137,3195,62,3274,69,H,0,13,59.48721383709387,0.8666666666666667,17.8,4,64.12103807629406,0.75,10.5,9,-4.633824239200187,0.1166666666666667,7.300000000000001,-7,0
2019,137,3243,54,3276,84,N,0,9,62.83109440079303,0.65625,1,8,61.744529039258595,0.65625,8.3125,1,1.0865653615344328,0,-7.3125,-30,0
2019,137,3380,46,3280,103,H,0,16,46.19663327931464,0.6071428571428571,-2.857142857142857,1,72.72508789158663,0.9375,28.34375,15,-26.528454612271986,-0.3303571428571429,-31.200892857142858,-57,0
2019,137,3179,76,3281,77,N,1,10,59.70261571014306,0.8125,13.28125,7,63.60514597864926,0.696969696969697,8.030303030303031,3,-3.9025302685062044,0.11553030303030298,5.250946969696969,-1,0
2019,137,3340,40,3332,78,H,0,15,53.34712531395019,0.7741935483870968,10.612903225806452,2,69.40296396874102,0.875,21.40625,13,-16.055838654790833,-0.10080645161290325,-10.793346774193548,-38,0
2019,137,3125,52,3376,74,N,0,13,56.20120297393073,0.8125,16.09375,4,68.00284908173646,0.7,9.233333333333333,9,-11.80164610780573,0.11250000000000004,6.8604166666666675,-22,0
2019,137,3460,61,3401,84,H,0,13,57.40230832693024,0.8125,8.375,4,65.05793319278835,0.7741935483870968,9.741935483870968,9,-7.655624865858115,0.03830645161290325,-1.366935483870968,-23,0
2019,138,3101,38,3124,95,H,0,16,49.362483380535785,0.6785714285714286,6.392857142857143,1,74.41730815613013,0.96875,25.9375,15,-25.054824775594348,-0.2901785714285714,-19.544642857142858,-57,0
2019,138,3120,64,3140,73,N,0,10,60.92128764172319,0.7,8.233333333333333,7,58.20458152781309,0.8064516129032258,6.451612903225806,3,2.7167061139100994,-0.1064516129032258,1.7817204301075265,-9,0
2019,138,3314,72,3143,92,N,0,9,59.43238043521559,0.5625,4.28125,8,61.663588110983135,0.6129032258064516,3.4838709677419355,1,-2.2312076757675428,-0.050403225806451624,0.7973790322580645,-20,0
2019,138,3114,51,3211,68,N,0,12,54.9906663715072,0.6774193548387096,5.225806451612903,5,61.36988324053239,0.875,15.03125,7,-6.379216869025186,-0.19758064516129037,-9.805443548387096,-17,0
2019,138,3308,61,3235,97,H,0,14,52.12789333048279,0.8,7.333333333333333,3,64.02551978761242,0.7575757575757576,14.969696969696969,11,-11.897626457129633,0.042424242424242475,-7.636363636363636,-36,0
2019,138,3343,77,3246,82,N,0,11,58.37231975960225,0.7096774193548387,7.645161290322581,6,63.97227879551593,0.7741935483870968,13.548387096774194,5,-5.599959035913685,-0.06451612903225801,-5.903225806451613,-5,0
2019,138,3347,51,3268,73,H,0,14,52.45708631658715,0.8064516129032258,9.193548387096774,3,67.36817172849476,0.875,14.1875,11,-14.911085411907607,-0.06854838709677424,-4.993951612903226,-22,0
2019,138,3141,87,3277,88,N,0,8,60.82819004774856,0.78125,14.6875,9,60.638014689525946,0.6451612903225806,7.774193548387097,-1,0.19017535822261777,0.13608870967741937,6.913306451612903,-1,0
2019,138,3177,78,3283,89,N,0,6,64.70675686560277,0.7878787878787878,8.757575757575758,11,56.58773931663256,0.71875,10.1875,-5,8.119017548970213,0.06912878787878785,-1.4299242424242422,-11,0
2019,138,3263,51,3301,63,H,0,14,55.64841082244616,0.78125,9.875,3,66.6230832735951,0.8387096774193549,10.870967741935484,11,-10.97467245114894,-0.05745967741935487,-0.995967741935484,-12,0
2019,138,3126,50,3323,92,H,0,16,47.463428448056526,0.6551724137931034,1.4137931034482758,1,75.42528812548434,0.9090909090909092,25,15,-27.961859677427817,-0.25391849529780575,-23.586206896551722,-42,0
2019,138,3129,75,3333,80,H,1,13,58.52180341726892,0.8666666666666667,8.766666666666667,4,66.97253363956567,0.7741935483870968,15.387096774193548,9,-8.450730222296748,0.09247311827956994,-6.6204301075268805,-5,0
2019,138,3346,65,3355,76,N,0,11,59.231390701285626,0.8125,14.71875,6,61.04543037475509,0.8125,17.53125,5,-1.8140396734694662,0,-2.8125,-11,0
2019,138,3413,54,3390,79,H,0,15,56.41215889726422,0.8,14.333333333333334,2,69.25078317238365,0.875,14,13,-12.838624275119429,-0.07499999999999996,0.3333333333333339,-25,0
2019,138,3200,49,3393,70,H,0,14,57.713335216953595,0.7575757575757576,6.606060606060606,3,64.88746352084861,0.75,10.3125,11,-7.174128303895017,0.007575757575757569,-3.7064393939393936,-21,0
2019,138,3397,77,3417,89,N,0,11,62.532234432873054,0.6129032258064516,6.096774193548387,6,65.5012970532921,0.625,5.15625,5,-2.9690626204190522,-0.012096774193548376,0.940524193548387,-12,0
2019,139,3274,55,3113,57,A,0,4,64.12103807629406,0.75,10.5,5,63.49103434586177,0.6666666666666666,8.1,-1,0.6300037304322856,0.08333333333333337,2.4000000000000004,-2,0
2019,139,3138,72,3163,84,H,0,10,59.02604615404652,0.71875,9.5,2,78.90682306402935,0.9393939393939394,28.03030303030303,8,-19.880776909982835,-0.22064393939393945,-18.53030303030303,-12,0
2019,139,3281,52,3234,68,H,0,7,63.60514597864926,0.696969696969697,8.030303030303031,2,65.78258496853827,0.8125,12.25,5,-2.177438989889012,-0.11553030303030298,-4.219696969696969,-16,0
2019,139,3276,50,3257,71,H,0,8,61.744529039258595,0.65625,8.3125,1,72.35118635733562,0.90625,18.59375,7,-10.606657318077026,-0.25,-10.28125,-21,0
2019,139,3155,61,3280,85,H,0,9,58.18256452936479,0.6129032258064516,2.6129032258064515,1,72.72508789158663,0.9375,28.34375,8,-14.542523362221836,-0.3245967741935484,-25.730846774193548,-24,0
2019,139,3231,68,3332,91,H,0,10,60.04192551646384,0.625,4.375,2,69.40296396874102,0.875,21.40625,8,-9.361038452277178,-0.25,-17.03125,-23,0
2019,139,3199,64,3376,72,H,0,5,64.85465724601153,0.7419354838709677,7.935483870967742,4,68.00284908173646,0.7,9.233333333333333,1,-3.14819183572493,0.041935483870967794,-1.2978494623655905,-8,0
2019,139,3266,76,3401,78,H,0,5,62.85913917811962,0.7878787878787878,21.272727272727273,4,65.05793319278835,0.7741935483870968,9.741935483870968,1,-2.198794014668735,0.013685239491691092,11.530791788856305,-2,0
2019,140,3143,63,3124,102,H,0,8,61.663588110983135,0.6129032258064516,3.4838709677419355,1,74.41730815613013,0.96875,25.9375,7,-12.753720045146999,-0.3558467741935484,-22.453629032258064,-39,0
2019,140,3235,60,3283,69,A,0,3,64.02551978761242,0.7575757575757576,14.969696969696969,11,56.58773931663256,0.71875,10.1875,-8,7.437780470979867,0.03882575757575757,4.782196969696969,-9,0
2019,140,3246,57,3301,72,H,0,6,63.97227879551593,0.7741935483870968,13.548387096774194,3,66.6230832735951,0.8387096774193549,10.870967741935484,3,-2.6508044780791664,-0.06451612903225812,2.67741935483871,-15,0
2019,140,3277,63,3323,91,H,0,9,60.638014689525946,0.6451612903225806,7.774193548387097,1,75.42528812548434,0.9090909090909092,25,8,-14.787273435958397,-0.26392961876832854,-17.225806451612904,-28,0
2019,140,3211,70,3333,76,H,0,5,61.36988324053239,0.875,15.03125,4,66.97253363956567,0.7741935483870968,15.387096774193548,1,-5.60265039903328,0.10080645161290325,-0.35584677419354804,-6,0
2019,140,3393,64,3355,75,A,0,3,64.88746352084861,0.75,10.3125,6,61.04543037475509,0.8125,17.53125,-3,3.84203314609352,-0.0625,-7.21875,-11,0
2019,140,3140,63,3390,72,H,0,7,58.20458152781309,0.8064516129032258,6.451612903225806,2,69.25078317238365,0.875,14,5,-11.046201644570559,-0.06854838709677424,-7.548387096774194,-9,0
2019,140,3268,80,3417,85,A,0,3,67.36817172849476,0.875,14.1875,6,65.5012970532921,0.625,5.15625,-3,1.8668746752026522,0.25,9.03125,-5,0
2019,144,3417,61,3163,69,H,0,6,65.5012970532921,0.625,5.15625,2,78.90682306402935,0.9393939393939394,28.03030303030303,4,-13.405526010737248,-0.31439393939393945,-22.87405303030303,-8,0
2019,144,3333,44,3257,61,N,0,4,66.97253363956567,0.7741935483870968,15.387096774193548,1,72.35118635733562,0.90625,18.59375,3,-5.378652717769953,-0.13205645161290325,-3.206653225806452,-17,0
2019,144,3113,53,3280,76,N,0,5,63.49103434586177,0.6666666666666666,8.1,1,72.72508789158663,0.9375,28.34375,4,-9.234053545724855,-0.27083333333333337,-20.24375,-23,0
2019,144,3355,53,3332,63,H,0,6,61.04543037475509,0.8125,17.53125,2,69.40296396874102,0.875,21.40625,4,-8.357533593985927,-0.0625,-3.875,-10,0
2019,145,3376,68,3124,93,N,0,4,68.00284908173646,0.7,9.233333333333333,1,74.41730815613013,0.96875,25.9375,3,-6.414459074393676,-0.26875000000000004,-16.704166666666666,-25,0
2019,145,3301,61,3234,79,A,0,3,66.6230832735951,0.8387096774193549,10.870967741935484,2,65.78258496853827,0.8125,12.25,1,0.8404983050568262,0.02620967741935487,-1.379032258064516,-18,0
2019,145,3401,80,3323,87,H,0,4,65.05793319278835,0.7741935483870968,9.741935483870968,1,75.42528812548434,0.9090909090909092,25,3,-10.367354932695989,-0.13489736070381242,-15.258064516129032,-7,0
2019,145,3283,46,3390,55,N,0,11,56.58773931663256,0.71875,10.1875,2,69.25078317238365,0.875,14,9,-12.663043855751091,-0.15625,-3.8125,-9,0
2019,146,3257,73,3163,80,H,0,1,72.35118635733562,0.90625,18.59375,2,78.90682306402935,0.9393939393939394,28.03030303030303,-1,-6.555636706693733,-0.03314393939393945,-9.436553030303031,-7,0
2019,146,3280,84,3332,88,H,0,1,72.72508789158663,0.9375,28.34375,2,69.40296396874102,0.875,21.40625,-1,3.3221239228456056,0.0625,6.9375,-4,0
2019,147,3234,53,3124,85,N,0,2,65.78258496853827,0.8125,12.25,1,74.41730815613013,0.96875,25.9375,1,-8.63472318759186,-0.15625,-13.6875,-32,0
2019,147,3390,68,3323,84,H,0,2,69.25078317238365,0.875,14,1,75.42528812548434,0.9090909090909092,25,1,-6.174504953100694,-0.03409090909090917,-11,-16,0
2019,151,3332,67,3124,72,N,0,2,69.40296396874102,0.875,21.40625,1,74.41730815613013,0.96875,25.9375,1,-5.0143441873891135,-0.09375,-4.53125,-5,0
2019,151,3163,76,3323,81,N,0,2,78.90682306402935,0.9393939393939394,28.03030303030303,1,75.42528812548434,0.9090909090909092,25,1,3.4815349385450105,0.030303030303030276,3.030303030303031,-5,0
2019,153,3323,81,3124,82,N,0,1,75.42528812548434,0.9090909090909092,25,1,74.41730815613013,0.96875,25.9375,0,1.00797996935421,-0.05965909090909083,-0.9375,-1,0
2021,139,3238,52,3124,101,N,0,15,48.66191532904696,0.782608695652174,9.869565217391305,2,74.20542371864337,0.925925925925926,27.11111111111111,13,-25.54350838959641,-0.1433172302737521,-17.241545893719806,-49,0
2021,139,3219,59,3163,102,N,0,16,48.61967325672851,0.7692307692307693,9.923076923076923,1,76.40798185890692,0.96,31.52,15,-27.78830860217841,-0.1907692307692307,-21.596923076923076,-43,0
2021,139,3372,52,3210,54,N,1,12,55.59668952098978,0.9166666666666666,28.708333333333332,5,62.09228683157127,0.6521739130434783,4.217391304347826,7,-6.495597310581495,0.26449275362318836,24.490942028985508,-2,0
2021,139,3141,72,3234,87,N,0,12,58.35671280080252,0.6923076923076923,4.076923076923077,5,64.50198575912803,0.6666666666666666,6.111111111111111,7,-6.1452729583255135,0.02564102564102566,-2.034188034188034,-15,0
2021,139,3226,63,3246,71,N,0,13,55.544652137211685,0.875,12.125,4,63.41067979232831,0.68,7.28,9,-7.866027655116625,0.19499999999999995,4.845,-8,0
2021,139,3195,66,3276,87,N,0,11,61.69768024872735,0.9230769230769232,22.23076923076923,6,63.64232671776232,0.7368421052631579,10.36842105263158,5,-1.9446464690349714,0.18623481781376539,11.86234817813765,-21,0
2021,139,3299,58,3301,79,N,0,16,49.05956905907761,0.8666666666666667,17,1,69.52815952986214,0.9090909090909092,15.772727272727272,15,-20.468590470784527,-0.042424242424242475,1.2272727272727284,-21,0
2021,139,3448,61,3329,84,N,0,9,59.26724868732169,0.5,-1.2083333333333333,8,61.722970867961905,0.6923076923076923,9,1,-2.4557221806402154,-0.1923076923076923,-10.208333333333334,-23,0
2021,139,3199,59,3333,83,N,0,9,62.657111219553315,0.5555555555555556,0.7777777777777778,8,65.272009906025,0.5882352941176471,1.3529411764705883,1,-2.6148986864716903,-0.0326797385620915,-0.5751633986928105,-24,0
2021,139,3273,53,3376,79,N,0,16,49.88075694825581,0.75,7.958333333333333,1,71.5142256059464,0.8461538461538461,17.5,15,-21.633468657690585,-0.09615384615384615,-9.541666666666668,-26,0
2021,139,3450,53,3378,57,N,0,9,59.27293758536073,0.5217391304347826,-0.04347826086956521,8,61.177847496788544,0.8571428571428571,11.333333333333334,1,-1.904909911427815,-0.3354037267080745,-11.376811594202898,-4,0
2021,139,3430,44,3390,87,N,0,16,46.20062584655428,0.6666666666666666,3.2777777777777777,1,71.4948500088513,0.925925925925926,25.703703703703702,15,-25.29422416229702,-0.2592592592592594,-22.425925925925924,-43,0
2021,139,3355,55,3393,72,N,0,9,61.33512204984908,0.875,10.166666666666666,8,62.09667732866795,0.6190476190476191,2.857142857142857,1,-0.761555278818868,0.25595238095238093,7.309523809523808,-17,0
2021,139,3292,62,3397,87,N,0,14,56.17462000742391,0.7083333333333334,4.916666666666667,3,63.55157088100439,0.6956521739130435,9.73913043478261,11,-7.376950873580476,0.012681159420289911,-4.822463768115942,-25,0
2021,139,3266,63,3439,70,N,0,10,63.8945725156529,0.76,9.4,7,61.739500192436395,0.6086956521739131,8.08695652173913,3,2.155072323216501,0.15130434782608693,1.3130434782608695,-7,0
2021,139,3250,53,3452,77,N,0,13,51.42744608141635,0.6428571428571429,5.214285714285714,4,64.18933064069982,0.7777777777777778,6.518518518518518,9,-12.761884559283473,-0.13492063492063489,-1.3042328042328037,-24,0
2021,140,3314,71,3104,80,N,0,10,59.46947335649445,0.5652173913043478,8.08695652173913,7,60.64825132463573,0.64,4.76,3,-1.1787779681412829,-0.07478260869565223,3.326956521739131,-9,0
2021,140,3392,44,3112,79,N,0,14,52.74056135856821,0.75,9.6,3,65.02851280797313,0.7619047619047619,10.523809523809524,11,-12.287951449404922,-0.011904761904761862,-0.9238095238095241,-35,0
2021,140,3211,59,3125,64,N,0,5,63.09337577640454,0.8846153846153846,16.576923076923077,12,54.98611402721385,0.8,12.32,-7,8.107261749190691,0.08461538461538454,4.256923076923076,-5,0
2021,140,3353,66,3140,69,N,0,6,63.195484552727955,0.7777777777777778,18.5,11,57.81531862580563,0.782608695652174,10.130434782608695,-5,5.380165926922324,-0.004830917874396157,8.369565217391305,-3,0
2021,140,3180,53,3208,67,N,0,14,55.80611092988362,0.6363636363636364,4.2272727272727275,3,64.052018658685,0.7692307692307693,11.384615384615383,11,-8.245907728801377,-0.13286713286713292,-7.157342657342656,-14,0
2021,140,3433,32,3231,63,N,0,13,54.170558784274114,0.6,2.4,4,65.33763643576847,0.782608695652174,15.173913043478262,9,-11.16707765149436,-0.18260869565217397,-12.773913043478261,-31,0
2021,140,3277,75,3235,79,N,0,10,61.21398076754329,0.6521739130434783,6.869565217391305,7,62.44587770127723,0.6153846153846154,5.923076923076923,3,-1.2318969337339425,0.03678929765886285,0.9464882943143813,-4,0
2021,140,3265,43,3257,74,N,0,15,54.08576069760609,0.8571428571428571,13.571428571428571,2,70.31048644588779,0.8846153846153846,16.884615384615383,13,-16.2247257482817,-0.027472527472527486,-3.313186813186812,-31,0
2021,140,3291,45,3268,98,N,0,15,46.29944660654846,0.7272727272727273,11.863636363636363,2,70.11799724924722,0.9230769230769232,21,13,-23.818550642698767,-0.19580419580419595,-9.136363636363637,-53,0
2021,140,3413,51,3283,70,N,0,12,54.76049973257458,0.8666666666666667,9.533333333333331,5,62.51915259677739,0.9090909090909092,11.818181818181818,7,-7.7586528642028085,-0.042424242424242475,-2.284848484848487,-19,0
2021,140,3416,51,3321,62,N,0,10,60.95883579783246,0.8,8.15,7,63.268872392725704,0.6521739130434783,6.695652173913044,3,-2.3100365948932478,0.14782608695652177,1.4543478260869565,-11,0
2021,140,3377,47,3332,67,N,0,11,61.06777558634593,0.782608695652174,14.869565217391305,6,67.91946833275725,0.6190476190476191,12.476190476190476,5,-6.851692746411317,0.16356107660455488,2.3933747412008284,-20,0
2021,140,3133,62,3400,81,N,0,11,53.993192800485765,0.5925925925925926,4.592592592592593,6,63.31098226872253,0.6666666666666666,7.074074074074074,5,-9.317789468236768,-0.07407407407407407,-2.481481481481482,-19,0
2021,140,3407,80,3401,84,N,0,15,55.252062886303655,0.8,11.4,2,67.55227142706102,0.92,14.48,13,-12.30020854075736,-0.12,-3.08,-4,0
2021,140,3461,48,3417,69,N,0,14,53.10772221362785,0.6086956521739131,4.434782608695652,3,67.70749911865701,0.7619047619047619,13.80952380952381,11,-14.59977690502916,-0.15320910973084878,-9.374741200828158,-21,0
2021,140,3116,62,3460,66,N,0,4,63.63516904032273,0.7037037037037037,9,13,54.087111983669594,0.72,8.2,-9,9.548057056653136,-0.016296296296296253,0.8000000000000007,-4,0
2021,141,3439,48,3124,90,N,0,7,61.739500192436395,0.6086956521739131,8.08695652173913,2,74.20542371864337,0.925925925925926,27.11111111111111,5,-12.465923526206979,-0.31723027375201296,-19.02415458937198,-42,0
2021,141,3393,47,3163,83,N,0,8,62.09667732866795,0.6190476190476191,2.857142857142857,1,76.40798185890692,0.96,31.52,7,-14.31130453023897,-0.3409523809523809,-28.662857142857142,-36,0
2021,141,3452,56,3210,73,N,0,4,64.18933064069982,0.7777777777777778,6.518518518518518,5,62.09228683157127,0.6521739130434783,4.217391304347826,-1,2.09704380912855,0.12560386473429952,2.301127214170692,-17,0
2021,141,3246,72,3234,86,N,0,4,63.41067979232831,0.68,7.28,5,64.50198575912803,0.6666666666666666,6.111111111111111,-1,-1.0913059667997231,0.01333333333333342,1.1688888888888895,-14,0
2021,141,3397,55,3276,70,N,0,3,63.55157088100439,0.6956521739130435,9.73913043478261,6,63.64232671776232,0.7368421052631579,10.36842105263158,-3,-0.09075583675793553,-0.041189931350114395,-0.6292906178489712,-15,0
2021,141,3378,67,3301,79,N,0,8,61.177847496788544,0.8571428571428571,11.333333333333334,1,69.52815952986214,0.9090909090909092,15.772727272727272,7,-8.350312033073592,-0.051948051948052076,-4.439393939393938,-12,0
2021,141,3333,42,3376,59,N,0,8,65.272009906025,0.5882352941176471,1.3529411764705883,1,71.5142256059464,0.8461538461538461,17.5,7,-6.242215699921388,-0.25791855203619907,-16.147058823529413,-17,0
2021,141,3329,62,3390,73,N,0,8,61.722970867961905,0.6923076923076923,9,1,71.4948500088513,0.925925925925926,25.703703703703702,7,-9.771879140889396,-0.23361823361823375,-16.703703703703702,-11,0
2021,142,3140,46,3112,52,N,0,11,57.81531862580563,0.782608695652174,10.130434782608695,3,65.02851280797313,0.7619047619047619,10.523809523809524,8,-7.2131941821674985,0.020703933747412084,-0.3933747412008284,-6,0
2021,142,3125,48,3231,70,N,0,12,54.98611402721385,0.8,12.32,4,65.33763643576847,0.782608695652174,15.173913043478262,8,-10.351522408554622,0.017391304347826098,-2.8539130434782614,-22,0
2021,142,3321,53,3257,62,N,0,7,63.268872392725704,0.6521739130434783,6.695652173913044,2,70.31048644588779,0.8846153846153846,16.884615384615383,5,-7.041614053162085,-0.2324414715719063,-10.18896321070234,-9,0
2021,142,3104,64,3268,100,N,0,7,60.64825132463573,0.64,4.76,2,70.11799724924722,0.9230769230769232,21,5,-9.469745924611495,-0.2830769230769232,-16.240000000000002,-36,0
2021,142,3460,39,3283,64,N,0,13,54.087111983669594,0.72,8.2,5,62.51915259677739,0.9090909090909092,11.818181818181818,8,-8.432040613107795,-0.1890909090909092,-3.618181818181819,-25,0
2021,142,3208,50,3332,57,N,0,3,64.052018658685,0.7692307692307693,11.384615384615383,6,67.91946833275725,0.6190476190476191,12.476190476190476,-3,-3.8674496740722475,0.1501831501831502,-1.091575091575093,-7,0
2021,142,3417,62,3400,71,N,0,3,67.70749911865701,0.7619047619047619,13.80952380952381,6,63.31098226872253,0.6666666666666666,7.074074074074074,-3,4.3965168499344784,0.09523809523809523,6.735449735449736,-9,0
2021,142,3235,82,3401,84,N,1,7,62.44587770127723,0.6153846153846154,5.923076923076923,2,67.55227142706102,0.92,14.48,5,-5.106393725783782,-0.3046153846153846,-8.556923076923077,-2,0
2021,145,3401,59,3112,74,N,0,2,67.55227142706102,0.92,14.48,3,65.02851280797313,0.7619047619047619,10.523809523809524,-1,2.523758619087886,0.15809523809523818,3.9561904761904767,-15,0
2021,145,3276,75,3124,78,N,1,6,63.64232671776232,0.7368421052631579,10.36842105263158,2,74.20542371864337,0.925925925925926,27.11111111111111,4,-10.56309700088105,-0.1890838206627682,-16.742690058479532,-3,0
2021,145,3234,72,3163,92,N,0,5,64.50198575912803,0.6666666666666666,6.111111111111111,1,76.40798185890692,0.96,31.52,4,-11.90599609977889,-0.29333333333333333,-25.40888888888889,-20,0
2021,145,3301,70,3231,73,N,0,1,69.52815952986214,0.9090909090909092,15.772727272727272,4,65.33763643576847,0.782608695652174,15.173913043478262,-3,4.190523094093663,0.12648221343873522,0.59881422924901,-3,0
2021,146,3332,42,3257,60,N,0,6,67.91946833275725,0.6190476190476191,12.476190476190476,2,70.31048644588779,0.8846153846153846,16.884615384615383,4,-2.391018113130542,-0.2655677655677655,-4.408424908424907,-18,0
2021,146,3210,65,3376,76,N,0,5,62.09228683157127,0.6521739130434783,4.217391304347826,1,71.5142256059464,0.8461538461538461,17.5,4,-9.421938774375121,-0.19397993311036787,-13.282608695652174,-11,0
2021,146,3283,62,3390,89,N,0,5,62.51915259677739,0.9090909090909092,11.818181818181818,1,71.4948500088513,0.925925925925926,25.703703703703702,4,-8.975697412073913,-0.01683501683501687,-13.885521885521884,-27,0
2021,146,3268,61,3400,64,N,0,2,70.11799724924722,0.9230769230769232,21,6,63.31098226872253,0.6666666666666666,7.074074074074074,-4,6.807014980524691,0.2564102564102566,13.925925925925926,-3,0
2021,147,3231,53,3112,66,N,0,4,65.33763643576847,0.782608695652174,15.173913043478262,3,65.02851280797313,0.7619047619047619,10.523809523809524,1,0.3091236277953442,0.020703933747412084,4.650103519668738,-13,0
2021,147,3124,67,3163,69,N,0,2,74.20542371864337,0.925925925925926,27.11111111111111,1,76.40798185890692,0.96,31.52,1,-2.202558140263548,-0.03407407407407392,-4.408888888888889,-2,0
2021,148,3400,34,3376,62,N,0,6,63.31098226872253,0.6666666666666666,7.074074074074074,1,71.5142256059464,0.8461538461538461,17.5,5,-8.20324333722386,-0.17948717948717952,-10.425925925925926,-28,0
2021,148,3257,63,3390,78,N,0,2,70.31048644588779,0.8846153846153846,16.884615384615383,1,71.4948500088513,0.925925925925926,25.703703703703702,1,-1.1843635629635116,-0.04131054131054146,-8.81908831908832,-15,0
2021,151,3163,59,3112,69,N,0,1,76.40798185890692,0.96,31.52,3,65.02851280797313,0.7619047619047619,10.523809523809524,-2,11.379469050933793,0.1980952380952381,20.996190476190478,-10,0
2021,151,3376,65,3390,66,N,0,1,71.5142256059464,0.8461538461538461,17.5,1,71.4948500088513,0.925925925925926,25.703703703703702,0,0.019375597095091734,-0.0797720797720799,-8.203703703703702,-1,0
2021,153,3112,53,3390,54,N,0,3,65.02851280797313,0.7619047619047619,10.523809523809524,1,71.4948500088513,0.925925925925926,25.703703703703702,2,-6.466337200878172,-0.16402116402116418,-15.179894179894179,-1,0
2022,135,3177,57,3173,88,N,0,11,62.00874913635256,0.6875,10,11,59.67057274837431,0.8333333333333334,10.766666666666667,0,2.338176387978251,-0.14583333333333337,-0.7666666666666675,-31,0
2022,135,3230,51,3224,55,N,0,16,41.841556321165754,0.4074074074074074,-3.5185185185185186,16,47.066481774027714,0.6785714285714286,3.392857142857143,0,-5.22492545286196,-0.2711640211640212,-6.911375661375661,-4,0
2022,136,3291,70,3255,74,N,0,16,45.28347195907742,0.5384615384615384,0.4230769230769231,16,48.88666532072139,0.65625,4.3125,0,-3.6031933616439744,-0.11778846153846156,-3.889423076923077,-4,0
2022,136,3199,50,3283,61,N,0,11,61.542705574649545,0.5666666666666667,4.133333333333334,11,59.98657202387712,0.7666666666666667,10.033333333333331,0,1.5561335507724223,-0.20000000000000007,-5.899999999999998,-11,0
2022,137,3218,49,3124,89,H,0,15,53.053724649487066,0.6896551724137931,1.4827586206896552,2,70.74157821653931,0.8181818181818182,16.515151515151516,13,-17.687853567052244,-0.12852664576802508,-15.03239289446186,-40,0
2022,137,3160,74,3166,84,N,0,7,63.12324011955049,0.7333333333333333,8.533333333333333,10,60.37204004513871,0.6896551724137931,11.379310344827584,-3,2.751200074411777,0.04367816091954013,-2.8459770114942504,-10,0
2022,137,3439,81,3195,84,N,0,5,64.38293740419867,0.71875,12.875,12,61.857210420031,0.9285714285714286,17.535714285714285,-7,2.525726984167669,-0.2098214285714286,-4.660714285714285,-3,0
2022,137,3173,54,3208,70,H,0,11,59.67057274837431,0.8333333333333334,10.766666666666667,6,62.78210906545247,0.6896551724137931,10.137931034482758,5,-3.111536317078155,0.14367816091954022,0.6287356321839095,-16,0
2022,137,3304,55,3211,68,N,0,8,62.24953300607236,0.75,14.34375,9,62.447839248992736,0.8125,13.5625,-1,-0.19830624292037413,-0.0625,0.78125,-13,0
2022,137,3229,58,3234,98,H,0,15,54.19470589527544,0.5806451612903226,0.967741935483871,2,66.81740082407934,0.7666666666666667,13.666666666666666,13,-12.622694928803902,-0.1860215053763441,-12.698924731182796,-40,0
2022,137,3426,71,3235,78,H,0,14,53.88678158534941,0.7407407407407407,3.925925925925926,3,65.35741135497923,0.8125,13.125,11,-11.470629769629824,-0.0717592592592593,-9.199074074074074,-7,0
2022,137,3210,58,3242,77,N,0,9,62.13463925698201,0.6774193548387096,9.161290322580646,8,60.27769629469735,0.6896551724137931,7.275862068965517,1,1.8569429622846627,-0.012235817575083519,1.885428253615129,-19,0
2022,137,3107,51,3257,83,H,0,16,48.16727665931408,0.7096774193548387,7.354838709677419,1,69.94745601333796,0.8620689655172413,17.137931034482758,15,-21.780179354023872,-0.15239154616240258,-9.783092324805338,-32,0
2022,137,3174,71,3268,102,H,0,13,56.70639955134474,0.7666666666666667,8.366666666666667,4,67.60742470489102,0.7241379310344828,11.10344827586207,9,-10.901025153546279,0.042528735632183956,-2.7367816091954023,-31,0
2022,137,3378,66,3274,78,N,0,9,61.778407907143624,0.75,6.9375,8,62.74794083825936,0.625,2.78125,1,-0.9695329311157366,0.125,4.15625,-12,0
2022,137,3224,21,3376,79,H,0,16,47.066481774027714,0.6785714285714286,3.392857142857143,1,73.00206068638721,0.935483870967742,19.612903225806452,15,-25.935578912359496,-0.2569124423963134,-16.22004608294931,-58,0
2022,137,3279,61,3377,75,N,0,7,61.25199342195497,0.7419354838709677,11.161290322580646,10,61.849265465925185,0.8387096774193549,15.483870967741936,-3,-0.5972720439702144,-0.09677419354838712,-4.32258064516129,-14,0
2022,137,3286,37,3390,78,H,0,16,52.61862865294359,0.625,2,1,73.38673186785567,0.9032258064516128,16.903225806451612,15,-20.76810321491208,-0.27822580645161277,-14.903225806451612,-41,0
2022,137,3193,52,3400,70,H,0,15,52.76029958812592,0.8064516129032258,8.516129032258064,2,67.92837826276465,0.8125,15.96875,13,-15.168078674638735,-0.006048387096774244,-7.452620967741936,-18,0
2022,137,3116,69,3428,92,N,0,10,61.07794036358353,0.5806451612903226,8.03225806451613,7,61.479596544403066,0.6451612903225806,8.161290322580646,3,-0.40165618081953625,-0.06451612903225801,-0.12903225806451601,-23,0
2022,138,3424,67,3112,72,H,0,13,55.15719418857907,0.8125,11.09375,4,65.59793279674862,0.7407407407407407,11.037037037037036,9,-10.440738608169553,0.0717592592592593,0.05671296296296369,-5,0
2022,138,3332,70,3125,73,N,2,5,65.11392399075153,0.6333333333333333,9.8,12,55.4754589183592,0.7586206896551724,13.96551724137931,-7,9.638465072392329,-0.12528735632183907,-4.165517241379309,-3,0
2022,138,3273,38,3163,83,H,0,15,52.868829053205765,0.7931034482758621,9.344827586206897,2,72.91162878770378,0.8333333333333334,20.6,13,-20.04279973449801,-0.04022988505747127,-11.255172413793105,-45,0
2022,138,3150,51,3231,85,H,0,14,56.23894832523863,0.7096774193548387,5.483870967741935,3,65.7253891638191,0.7333333333333333,9.9,11,-9.48644083858047,-0.023655913978494536,-4.416129032258065,-34,0
2022,138,3450,40,3243,50,N,0,8,62.25963259993574,0.6551724137931034,0.41379310344827586,9,59.801538955660575,0.6129032258064516,6.516129032258065,-1,2.4580936442751664,0.0422691879866518,-6.102335928809789,-10,0
2022,138,3238,77,3261,83,H,0,14,50.91449320750682,0.7931034482758621,17.724137931034484,3,64.84351709842352,0.8333333333333334,13.2,11,-13.929023890916696,-0.04022988505747127,4.524137931034485,-6,0
2022,138,3110,39,3276,74,H,0,14,52.67327634823387,0.7419354838709677,4,3,65.75910937245519,0.7857142857142857,11.178571428571429,11,-13.085833024221316,-0.04377880184331795,-7.178571428571429,-35,0
2022,138,3255,68,3301,96,H,0,16,48.88666532072139,0.65625,4.3125,1,70.8997786196521,0.90625,19.34375,15,-22.013113298930705,-0.25,-15.03125,-28,0
2022,138,3372,66,3314,79,N,0,12,56.693720238875706,0.8666666666666667,16.533333333333335,5,63.482380747287706,0.7931034482758621,18.344827586206897,7,-6.788660508412001,0.0735632183908046,-1.8114942528735618,-13,0
2022,138,3269,78,3323,89,N,0,12,57.59172501293809,0.8125,10.75,5,64.31683860905636,0.7333333333333333,10.366666666666667,7,-6.72511359611827,0.07916666666666672,0.38333333333333286,-11,0
2022,138,3283,56,3326,63,N,0,11,59.98657202387712,0.7666666666666667,10.033333333333331,6,64.48365264739937,0.7931034482758621,13.241379310344827,5,-4.497080623522244,-0.02643678160919538,-3.208045977011496,-7,0
2022,138,3237,72,3328,78,H,0,13,57.523528057446214,0.8571428571428571,14.75,4,63.17553087615926,0.75,7.28125,9,-5.6520028187130436,0.1071428571428571,7.46875,-6,0
2022,138,3246,62,3343,69,N,0,6,64.66307051951368,0.6333333333333333,6.966666666666667,11,62.22631899718442,0.8518518518518519,17.814814814814813,-5,2.43675152232926,-0.21851851851851856,-10.848148148148146,-7,0
2022,138,3138,67,3397,80,H,0,13,58.59708623123183,0.7575757575757576,9.848484848484848,4,64.21704827353713,0.7419354838709677,9.741935483870968,9,-5.619962042305303,0.01564027370478982,0.10654936461387976,-13,0
2022,138,3196,52,3416,69,N,0,10,60.17078396142127,0.6774193548387096,3.903225806451613,7,64.00598985610434,0.8928571428571429,13.214285714285714,3,-3.835205894683064,-0.21543778801843327,-9.3110599078341,-17,0
2022,138,3140,57,3437,61,N,0,6,62.08036223592142,0.896551724137931,19.58620689655172,11,62.91355814269493,0.7419354838709677,4.67741935483871,-5,-0.8331959067735113,0.1546162402669633,14.908787541713009,-4,0
2022,139,3234,62,3166,64,A,0,2,66.81740082407934,0.7666666666666667,13.666666666666666,10,60.37204004513871,0.6896551724137931,11.379310344827584,-8,6.445360778940632,0.07701149425287357,2.2873563218390824,-2,0
2022,139,3208,44,3235,67,H,0,6,62.78210906545247,0.6896551724137931,10.137931034482758,3,65.35741135497923,0.8125,13.125,3,-2.5753022895267677,-0.12284482758620685,-2.987068965517242,-23,0
2022,139,3211,59,3257,68,H,0,9,62.447839248992736,0.8125,13.5625,1,69.94745601333796,0.8620689655172413,17.137931034482758,8,-7.49961676434522,-0.049568965517241326,-3.575431034482758,-9,0
2022,139,3195,65,3268,89,H,0,12,61.857210420031,0.9285714285714286,17.535714285714285,4,67.60742470489102,0.7241379310344828,11.10344827586207,8,-5.750214284860014,0.20443349753694584,6.432266009852215,-24,0
2022,139,3274,33,3376,49,N,0,8,62.74794083825936,0.625,2.78125,1,73.00206068638721,0.935483870967742,19.612903225806452,7,-10.25411984812785,-0.310483870967742,-16.831653225806452,-16,0
2022,139,3124,47,3377,61,A,0,2,70.74157821653931,0.8181818181818182,16.515151515151516,10,61.849265465925185,0.8387096774193549,15.483870967741936,-8,8.892312750614124,-0.02052785923753664,1.0312805474095796,-14,0
2022,139,3242,65,3390,91,H,0,8,60.27769629469735,0.6896551724137931,7.275862068965517,1,73.38673186785567,0.9032258064516128,16.903225806451612,7,-13.109035573158323,-0.21357063403781962,-9.627363737486096,-26,0
2022,139,3428,56,3400,78,H,0,7,61.479596544403066,0.6451612903225806,8.161290322580646,2,67.92837826276465,0.8125,15.96875,5,-6.448781718361587,-0.16733870967741937,-7.807459677419354,-22,0
2022,140,3416,47,3163,52,H,0,7,64.00598985610434,0.8928571428571429,13.214285714285714,2,72.91162878770378,0.8333333333333334,20.6,5,-8.90563893159944,0.059523809523809534,-7.385714285714288,-5,0
2022,140,3343,55,3231,56,H,0,11,62.22631899718442,0.8518518518518519,17.814814814814813,3,65.7253891638191,0.7333333333333333,9.9,8,-3.499070166634681,0.11851851851851858,7.914814814814813,-1,0
2022,140,3437,49,3276,64,H,0,11,62.91355814269493,0.7419354838709677,4.67741935483871,3,65.75910937245519,0.7857142857142857,11.178571428571429,8,-2.845551229760254,-0.04377880184331795,-6.501152073732719,-15,0
2022,140,3243,57,3301,89,H,0,9,59.801538955660575,0.6129032258064516,6.516129032258065,1,70.8997786196521,0.90625,19.34375,8,-11.09823966399152,-0.2933467741935484,-12.827620967741936,-32,0
2022,140,3112,45,3314,63,A,0,4,65.59793279674862,0.7407407407407407,11.037037037037036,5,63.482380747287706,0.7931034482758621,18.344827586206897,-1,2.1155520494609164,-0.0523627075351214,-7.3077905491698605,-18,0
2022,140,3328,64,3323,108,A,0,4,63.17553087615926,0.75,7.28125,5,64.31683860905636,0.7333333333333333,10.366666666666667,-1,-1.1413077328971042,0.01666666666666672,-3.085416666666667,-44,0
2022,140,3261,64,3326,79,A,0,3,64.84351709842352,0.8333333333333334,13.2,6,64.48365264739937,0.7931034482758621,13.241379310344827,-3,0.3598644510241513,0.04022988505747127,-0.04137931034482811,-15,0
2022,140,3125,67,3397,70,H,0,12,55.4754589183592,0.7586206896551724,13.96551724137931,4,64.21704827353713,0.7419354838709677,9.741935483870968,8,-8.74158935517793,0.016685205784204626,4.223581757508342,-3,0
2022,144,3235,68,3166,76,N,0,3,65.35741135497923,0.8125,13.125,10,60.37204004513871,0.6896551724137931,11.379310344827584,-7,4.985371309840524,0.12284482758620685,1.7456896551724164,-8,0
2022,144,3314,61,3376,69,N,0,5,63.482380747287706,0.7931034482758621,18.344827586206897,1,73.00206068638721,0.935483870967742,19.612903225806452,4,-9.519679939099504,-0.1423804226918799,-1.2680756395995552,-8,0
2022,144,3268,66,3390,72,N,0,4,67.60742470489102,0.7241379310344828,11.10344827586207,1,73.38673186785567,0.9032258064516128,16.903225806451612,3,-5.779307162964656,-0.17908787541713,-5.799777530589543,-6,0
2022,144,3326,63,3400,66,N,0,6,64.48365264739937,0.7931034482758621,13.241379310344827,2,67.92837826276465,0.8125,15.96875,4,-3.444725615365286,-0.0193965517241379,-2.7273706896551726,-3,0
2022,145,3231,58,3163,75,H,0,3,65.7253891638191,0.7333333333333333,9.9,2,72.91162878770378,0.8333333333333334,20.6,1,-7.186239623884674,-0.10000000000000009,-10.700000000000001,-17,0
2022,145,3397,64,3257,76,N,0,4,64.21704827353713,0.7419354838709677,9.741935483870968,1,69.94745601333796,0.8620689655172413,17.137931034482758,3,-5.730407739800825,-0.12013348164627358,-7.39599555061179,-12,0
2022,145,3377,49,3276,52,N,0,10,61.849265465925185,0.8387096774193549,15.483870967741936,3,65.75910937245519,0.7857142857142857,11.178571428571429,7,-3.90984390653,0.05299539170506917,4.305299539170507,-3,0
2022,145,3323,63,3301,66,N,0,5,64.31683860905636,0.7333333333333333,10.366666666666667,1,70.8997786196521,0.90625,19.34375,4,-6.582940010595735,-0.17291666666666672,-8.977083333333333,-3,0
2022,146,3166,50,3376,80,N,0,10,60.37204004513871,0.6896551724137931,11.379310344827584,1,73.00206068638721,0.935483870967742,19.612903225806452,9,-12.6300206412485,-0.24582869855394884,-8.233592880978868,-30,0
2022,146,3400,50,3390,59,N,0,2,67.92837826276465,0.8125,15.96875,1,73.38673186785567,0.9032258064516128,16.903225806451612,1,-5.45835360509102,-0.09072580645161277,-0.9344758064516121,-9,0
2022,147,3301,87,3163,91,N,2,1,70.8997786196521,0.90625,19.34375,2,72.91162878770378,0.8333333333333334,20.6,-1,-2.01185016805168,0.07291666666666663,-1.2562500000000014,-4,0
2022,147,3276,50,3257,62,N,0,3,65.75910937245519,0.7857142857142857,11.178571428571429,1,69.94745601333796,0.8620689655172413,17.137931034482758,2,-4.18834664088277,-0.07635467980295563,-5.959359605911329,-12,0
2022,151,3390,58,3163,63,N,0,1,73.38673186785567,0.9032258064516128,16.903225806451612,2,72.91162878770378,0.8333333333333334,20.6,-1,0.4751030801518965,0.0698924731182794,-3.6967741935483893,-5,0
2022,151,3257,59,3376,72,N,0,1,69.94745601333796,0.8620689655172413,17.137931034482758,1,73.00206068638721,0.935483870967742,19.612903225806452,0,-3.054604673049255,-0.07341490545050067,-2.474972191323694,-13,0
2022,153,3163,49,3376,64,N,0,2,72.91162878770378,0.8333333333333334,20.6,1,73.00206068638721,0.935483870967742,19.612903225806452,1,-0.09043189868343404,-0.10215053763440862,0.9870967741935495,-15,0
2023,135,3228,56,3280,70,N,0,11,58.275556822512286,0.7096774193548387,10.870967741935484,11,60.22508403810751,0.6666666666666666,12.433333333333334,0,-1.949527215595225,0.043010752688172116,-1.5623655913978496,-14,0
2023,135,3380,47,3357,57,N,0,16,45.66649897136867,0.5333333333333333,-5.1,16,44.36176876055199,0.5666666666666667,3.1666666666666665,0,1.304730210816679,-0.033333333333333326,-8.266666666666666,-10,0
2023,136,3345,64,3385,66,N,0,11,59.73225969649655,0.6551724137931034,5.517241379310345,11,58.35587406670244,0.7333333333333333,6.1,0,1.3763856297941075,-0.07816091954022986,-0.5827586206896544,-2,0
2023,136,3284,69,3399,79,N,0,16,48.193890098863854,0.53125,0.71875,16,51.153577901691904,0.6896551724137931,5.413793103448276,0,-2.95968780282805,-0.15840517241379315,-4.695043103448276,-10,0
2023,137,3452,62,3112,75,N,0,10,61.80287527581973,0.6333333333333333,5.1,7,63.99107927916377,0.7,9.566666666666666,3,-2.1882040033440404,-0.06666666666666665,-4.466666666666667,-13,0
2023,137,3199,54,3208,66,N,0,7,62.0503516003809,0.71875,13.125,10,62.7668002276522,0.65625,8.71875,-3,-0.7164486272712978,0.0625,4.40625,-12,0
2023,137,3368,43,3234,95,H,0,15,47.38489023135998,0.6785714285714286,5.142857142857143,2,68.88184664973511,0.8125,16.1875,13,-21.496956418375127,-0.1339285714285714,-11.044642857142858,-52,0
2023,137,3218,50,3261,73,H,0,14,52.299064154311225,0.5625,1,3,67.36567855405954,0.9333333333333332,26.366666666666667,11,-15.066614399748318,-0.37083333333333324,-25.366666666666667,-23,0
2023,137,3221,61,3268,93,H,0,15,51.783050800269926,0.7419354838709677,6.741935483870968,2,68.69070699002206,0.8064516129032258,10.096774193548388,13,-16.90765618975214,-0.06451612903225801,-3.35483870967742,-32,0
2023,137,3424,59,3276,71,N,0,11,59.19046064083127,0.9375,15.125,6,64.3149763756226,0.7096774193548387,11.161290322580646,5,-5.124515734791338,0.22782258064516125,3.963709677419354,-12,0
2023,137,3211,48,3279,71,N,0,9,63.49328126517721,0.875,12.8125,8,62.91441156260071,0.7419354838709677,12.483870967741936,1,0.5788697025764975,0.13306451612903225,0.32862903225806406,-23,0
2023,137,3166,66,3280,81,N,0,6,63.95959330539317,0.7333333333333333,9.933333333333334,11,60.22508403810751,0.6666666666666666,12.433333333333334,-5,3.7345092672856595,0.06666666666666665,-2.5,-15,0
2023,137,3381,56,3323,82,H,0,14,53.698225123970815,0.7,0.8333333333333334,3,67.23367181813325,0.8333333333333334,16,11,-13.535446694162431,-0.13333333333333341,-15.166666666666666,-26,0
2023,137,3301,63,3343,64,N,0,7,65.64910722835329,0.6451612903225806,8.548387096774194,10,62.628175485540446,0.8214285714285714,13.107142857142858,-3,3.0209317428128415,-0.17626728110599077,-4.558755760368664,-1,0
2023,137,3425,57,3355,62,N,1,8,61.61236777170508,0.7,9.633333333333333,9,61.420244050767145,0.8484848484848485,19.060606060606062,-1,0.19212372093793562,-0.14848484848484855,-9.42727272727273,-5,0
2023,137,3313,40,3376,72,H,0,16,49.14648578557744,0.8064516129032258,9.258064516129032,1,76.11489165568968,1,30.34375,15,-26.968405870112235,-0.19354838709677424,-21.085685483870968,-32,0
2023,137,3266,65,3378,67,N,1,9,62.50145853681551,0.6774193548387096,7.064516129032258,8,62.59798397327572,0.8125,11.71875,1,-0.09652543646020462,-0.13508064516129037,-4.654233870967742,-2,0
2023,137,3357,49,3390,92,H,0,16,44.36176876055199,0.5666666666666667,3.1666666666666665,1,71.13612127889465,0.8484848484848485,17.848484848484848,15,-26.77435251834266,-0.28181818181818186,-14.681818181818182,-43,0
2023,137,3205,77,3428,103,H,0,15,51.78582404066022,0.8787878787878788,11.181818181818182,2,65.90131784463357,0.8620689655172413,17.551724137931036,13,-14.115493803973344,0.01671891327063746,-6.369905956112854,-26,0
2023,137,3151,33,3439,58,H,0,16,47.613441100653176,0.6,3.8666666666666663,1,68.38122877779152,0.8709677419354839,15.451612903225806,15,-20.767787677138344,-0.2709677419354839,-11.58494623655914,-25,0
2023,138,3104,74,3124,78,N,0,10,60.1890291379413,0.6666666666666666,10.1,7,64.12088923810175,0.6129032258064516,9.258064516129032,3,-3.9318601001604563,0.053763440860215006,0.8419354838709676,-4,0
2023,138,3292,60,3160,82,N,0,11,59.199961769862654,0.875,17.21875,6,64.11573463257541,0.7419354838709677,10.193548387096774,5,-4.915772862712757,0.13306451612903225,7.025201612903226,-22,0
2023,138,3436,52,3163,95,H,0,15,50.936363878431195,0.8,8.333333333333334,2,71.7991418605757,0.8529411764705882,17.11764705882353,13,-20.862777982144507,-0.05294117647058816,-8.784313725490195,-43,0
2023,138,3233,49,3181,89,H,0,14,50.37736549421838,0.8125,9,3,65.25771104623553,0.8064516129032258,12.35483870967742,11,-14.880345552017147,0.006048387096774244,-3.35483870967742,-40,0
2023,138,3450,63,3195,74,N,0,5,64.43006485339846,0.696969696969697,6.242424242424242,12,62.55206004368315,0.9090909090909092,20.24242424242424,-7,1.8780048097153141,-0.21212121212121215,-13.999999999999996,-11,0
2023,138,3399,47,3231,77,H,0,16,51.153577901691904,0.6896551724137931,5.413793103448276,1,68.49272330565854,0.9,19.166666666666668,15,-17.33914540396664,-0.21034482758620687,-13.752873563218392,-30,0
2023,138,3179,81,3257,83,N,0,12,57.52975282248673,0.7096774193548387,13.612903225806452,5,66.32864299413237,0.6764705882352942,9.529411764705882,7,-8.798890171645638,0.03320683111954459,4.08349146110057,-2,0
2023,138,3329,61,3274,62,N,0,8,61.364278201490535,0.65625,7.34375,9,62.049830691284775,0.6129032258064516,6.903225806451613,-1,-0.6855524897942402,0.043346774193548376,0.440524193548387,-1,0
2023,138,3385,59,3314,61,N,0,11,58.35587406670244,0.7333333333333333,6.1,6,64.15369385903968,0.6774193548387096,9.709677419354838,5,-5.797819792337236,0.05591397849462365,-3.6096774193548384,-2,0
2023,138,3241,66,3326,80,H,0,14,54.47090248568184,0.78125,8.46875,3,66.55770926864302,0.78125,12.5,11,-12.086806782961183,0,-4.03125,-14,0
2023,138,3339,63,3328,85,N,0,12,57.77044378854869,0.7241379310344828,4.9655172413793105,5,65.36598794746415,0.8064516129032258,8.870967741935484,7,-7.595544158915459,-0.082313681868743,-3.9054505005561735,-22,0
2023,138,3387,50,3397,95,H,0,13,54.70480703216959,0.5,-0.0588235294117647,4,65.69548065330868,0.6764705882352942,9.676470588235292,9,-10.990673621139088,-0.17647058823529416,-9.735294117647056,-45,0
2023,138,3187,40,3400,79,H,0,13,56.06634190423271,0.71875,7.34375,4,66.73784150771904,0.7352941176470589,15.823529411764708,9,-10.671499603486332,-0.016544117647058876,-8.479779411764708,-39,0
2023,138,3235,73,3405,80,N,0,5,65.6921860918592,0.7096774193548387,11.387096774193548,12,61.395478724320306,0.875,11.15625,-7,4.296707367538893,-0.16532258064516125,0.23084677419354804,-7,0
2023,138,3170,45,3417,67,H,0,13,52.54085948853965,0.78125,9.59375,4,64.83161497288837,0.7352941176470589,8.323529411764707,9,-12.290755484348722,0.045955882352941124,1.2702205882352935,-22,0
2023,138,3156,59,3437,76,H,0,13,56.35366304839645,0.8823529411764706,17.058823529411764,4,65.91298569629508,0.8235294117647058,12.264705882352942,9,-9.559322647898632,0.05882352941176472,4.7941176470588225,-17,0
2023,139,3208,66,3234,74,H,0,10,62.7668002276522,0.65625,8.71875,2,68.88184664973511,0.8125,16.1875,8,-6.115046422082912,-0.15625,-7.46875,-8,0
2023,139,3276,42,3261,66,H,0,6,64.3149763756226,0.7096774193548387,11.161290322580646,3,67.36567855405954,0.9333333333333332,26.366666666666667,3,-3.0507021784369357,-0.2236559139784945,-15.205376344086021,-24,0
2023,139,3112,64,3268,77,H,0,7,63.99107927916377,0.7,9.566666666666666,2,68.69070699002206,0.8064516129032258,10.096774193548388,5,-4.6996277108582944,-0.1064516129032258,-0.5301075268817215,-13,0
2023,139,3390,49,3279,54,A,0,1,71.13612127889465,0.8484848484848485,17.848484848484848,8,62.91441156260071,0.7419354838709677,12.483870967741936,-7,8.221709716293937,0.10654936461388076,5.364613880742912,-5,0
2023,139,3280,48,3323,53,H,0,11,60.22508403810751,0.6666666666666666,12.433333333333334,3,67.23367181813325,0.8333333333333334,16,8,-7.008587780025735,-0.16666666666666674,-3.5666666666666664,-5,0
2023,139,3378,45,3376,76,H,0,8,62.59798397327572,0.8125,11.71875,1,76.11489165568968,1,30.34375,7,-13.516907682413958,-0.1875,-18.625,-31,0
2023,139,3343,56,3428,63,H,0,10,62.628175485540446,0.8214285714285714,13.107142857142858,2,65.90131784463357,0.8620689655172413,17.551724137931036,8,-3.2731423590931215,-0.04064039408866993,-4.444581280788178,-7,0
2023,139,3355,60,3439,72,H,0,9,61.420244050767145,0.8484848484848485,19.060606060606062,1,68.38122877779152,0.8709677419354839,15.451612903225806,8,-6.960984727024375,-0.022482893450635366,3.6089931573802563,-12,0
2023,140,3181,53,3160,61,A,1,3,65.25771104623553,0.8064516129032258,12.35483870967742,6,64.11573463257541,0.7419354838709677,10.193548387096774,-3,1.1419764136601174,0.06451612903225801,2.161290322580646,-8,0
2023,140,3124,58,3163,77,H,0,7,64.12088923810175,0.6129032258064516,9.258064516129032,2,71.7991418605757,0.8529411764705882,17.11764705882353,5,-7.6782526224739485,-0.24003795066413658,-7.859582542694497,-19,0
2023,140,3400,51,3257,73,A,0,4,66.73784150771904,0.7352941176470589,15.823529411764708,5,66.32864299413237,0.6764705882352942,9.529411764705882,-1,0.4091985135866736,0.05882352941176472,6.294117647058826,-22,0
2023,140,3231,68,3274,70,A,0,1,68.49272330565854,0.9,19.166666666666668,9,62.049830691284775,0.6129032258064516,6.903225806451613,-8,6.442892614373768,0.2870967741935484,12.263440860215056,-2,0
2023,140,3314,69,3326,71,H,0,6,64.15369385903968,0.6774193548387096,9.709677419354838,3,66.55770926864302,0.78125,12.5,3,-2.404015409603346,-0.10383064516129037,-2.790322580645162,-2,0
2023,140,3405,47,3397,94,H,0,12,61.395478724320306,0.875,11.15625,4,65.69548065330868,0.6764705882352942,9.676470588235292,8,-4.300001928988372,0.19852941176470584,1.4797794117647083,-47,0
2023,140,3328,73,3417,82,H,0,5,65.36598794746415,0.8064516129032258,8.870967741935484,4,64.83161497288837,0.7352941176470589,8.323529411764707,1,0.5343729745757742,0.07115749525616688,0.5474383301707775,-9,0
2023,140,3195,57,3437,76,H,0,12,62.55206004368315,0.9090909090909092,20.24242424242424,4,65.91298569629508,0.8235294117647058,12.264705882352942,8,-3.3609256526119324,0.08556149732620333,7.977718360071297,-19,0
2023,144,3160,77,3234,87,N,0,6,64.11573463257541,0.7419354838709677,10.193548387096774,2,68.88184664973511,0.8125,16.1875,4,-4.766112017159699,-0.07056451612903225,-5.993951612903226,-10,0
2023,144,3279,62,3257,72,N,0,8,62.91441156260071,0.7419354838709677,12.483870967741936,5,66.32864299413237,0.6764705882352942,9.529411764705882,3,-3.414231431531654,0.06546489563567359,2.9544592030360537,-10,0
2023,144,3428,63,3261,66,N,0,2,65.90131784463357,0.8620689655172413,17.551724137931036,3,67.36567855405954,0.9333333333333332,26.366666666666667,-1,-1.464360709425975,-0.07126436781609191,-8.814942528735632,-3,0
2023,144,3437,65,3274,70,N,0,4,65.91298569629508,0.8235294117647058,12.264705882352942,9,62.049830691284775,0.6129032258064516,6.903225806451613,-5,3.863155005010306,0.21062618595825422,5.361480075901329,-5,0
2023,145,3323,59,3268,76,N,0,3,67.23367181813325,0.8333333333333334,16,2,68.69070699002206,0.8064516129032258,10.096774193548388,1,-1.457035171888819,0.026881720430107614,5.903225806451612,-17,0
2023,145,3163,61,3326,73,N,0,2,71.7991418605757,0.8529411764705882,17.11764705882353,3,66.55770926864302,0.78125,12.5,-1,5.2414325919326785,0.0716911764705882,4.617647058823529,-12,0
2023,145,3417,43,3376,59,H,0,4,64.83161497288837,0.7352941176470589,8.323529411764707,1,76.11489165568968,1,30.34375,3,-11.2832766828013,-0.2647058823529411,-22.020220588235293,-16,0
2023,145,3397,64,3439,73,N,0,4,65.69548065330868,0.6764705882352942,9.676470588235292,1,68.38122877779152,0.8709677419354839,15.451612903225806,3,-2.685748124482842,-0.19449715370018972,-5.775142314990514,-9,0
2023,146,3257,83,3234,97,N,0,5,66.32864299413237,0.6764705882352942,9.529411764705882,2,68.88184664973511,0.8125,16.1875,3,-2.5532036556027435,-0.13602941176470584,-6.658088235294118,-14,0
2023,146,3274,42,3261,54,N,0,9,62.049830691284775,0.6129032258064516,6.903225806451613,3,67.36567855405954,0.9333333333333332,26.366666666666667,6,-5.315847862774767,-0.3204301075268816,-19.463440860215055,-12,0
2023,147,3268,75,3376,86,H,0,2,68.69070699002206,0.8064516129032258,10.096774193548388,1,76.11489165568968,1,30.34375,1,-7.42418466566761,-0.19354838709677424,-20.246975806451612,-11,0
2023,147,3326,74,3439,84,N,0,3,66.55770926864302,0.78125,12.5,1,68.38122877779152,0.8709677419354839,15.451612903225806,2,-1.8235195091484968,-0.08971774193548387,-2.951612903225806,-10,0
2023,151,3376,73,3234,77,N,0,1,76.11489165568968,1,30.34375,2,68.88184664973511,0.8125,16.1875,-1,7.2330450059545655,0.1875,14.15625,-4,0
2023,151,3439,72,3261,79,N,0,1,68.38122877779152,0.8709677419354839,15.451612903225806,3,67.36567855405954,0.9333333333333332,26.366666666666667,-2,1.015550223731978,-0.06236559139784936,-10.915053763440861,-7,0
2023,153,3234,85,3261,102,N,0,2,68.88184664973511,0.8125,16.1875,3,67.36567855405954,0.9333333333333332,26.366666666666667,-1,1.5161680956755674,-0.12083333333333324,-10.179166666666667,-17,0
